,Study_ID,First_author,Year_published,ES_ID,Common_species,Strain,Strain_notes,Sex,Housing,Notes_housing,Age_EE_exposure,Notes_age_EE_exposure,Age_stress_exposure,Notes_age_stress_exposure,Age_assay,Notes_age_assay,Type_EE_exposure,Type_EE_details,EE_exercise,EE_social,Type_stress_exposure,Type_stress_details,Stress_duration,Notes_stress_duration,Exposure_order,Learning_vs_memory,Type_assay,Type_reinforcement,Response_assay_name,Response_details,Response_unit,Response_percent,Response_notes,Response_direction,Data_location,CC_n,CC_mean,CC_median,CC_SD,CC_SE,CC_25thpercentile,CC_75thpercentile,EC_n,EC_mean,EC_median,EC_SD,EC_SE,EC_25thpercentile,EC_75thpercentile,CS_n,CS_mean,CS_median,CS_SD,CS_SE,CS_25thpercentile,CS_7thpercentile,ES_n,ES_mean,ES_median,ES_SD,ES_SE,ES_25thpercentile,ES_75thoercentile,Original_names,ROB_blinding,Blinding_notes,ROB_randomisation,Randomisation_notes,Contact_author,Date_contacted,Author_response,General_comments,Stats_comments,lnRR_E,lnRRV_E,lnRR_S,lnRRV_S,lnRR_ES,lnRRV_ES,SMD_E,SMDV_E,SMD_S,SMDV_S,SMD_ES,SMDV_ES,lnRR_E2,lnRRV_E2,lnRR_S2,lnRRV_S2,lnRR_ES2,lnRRV_ES2,lnRR_E3,lnRRV_E3,lnRR_S3,lnRRV_S3,lnRR_Ea,lnRR_Sa,lnRR_ESa,lnRR_E2a,lnRR_S2a,lnRR_ES2a,lnRR_E3a,lnRR_S3a,SMD_Ea,SMD_Sa,SMD_ESa
1,1,Aghighi Bidgoli,2020,2,Rat,Wistar,NA,Male,3,"After isolation, animals were kept in group of 6",Adolescent,P21,Prenatal,NA,Adolescent,P51 - P55,Objects,"pipes, ladders etc",No exercise,Non-social,Noise,prenatal noise stress,Intermittent,NA,Stress first,Learning,Conditioning,Aversive,Morris water maze,Distance travelled to locate platform,cm,no,Taken from day 3 of learning,2,"Fig. 3 e,f, (did not take data from the injected individuals (-S, -B)",10,191.8,NA,69.98,22.13,NA,NA,10,272.95,NA,104.99,33.2,NA,NA,10,367.24,NA,196.31,62.08,NA,NA,10,232.76,NA,81.78,25.86,NA,NA,"CC = C-SH-S, EC = C-EE-S, CS = S-SH-S, ES = S-EE-S",3,NA,3,only states that pre-natal stress was random,Contacted authors re density of EE vs SH cages,NA,EE and SH were equal densities of 6 indivs per cage,NA,NA,-0.100257644,0.020823268,0.255430029,0.020823268,-0.808843171,0.069027252,-0.215669473,0.332566607,0.546958488,0.332566607,-1.744039317,0.400581417,0.352835466,0.028107727,0.649562423,0.041887137,0.193554717,0.02565684,-0.456007705,0.040919525,-0.159280748,0.027140115,0.100257644,-0.255430029,0.808843171,-0.352835466,-0.649562423,-0.193554717,0.456007705,0.159280748,0.215669473,-0.546958488,1.744039317
59,1,Aghighi Bidgoli,2020,1,Rat,Wistar,NA,Male,3,"After isolation, animals were kept in group of 6",Adolescent,P21,Prenatal,NA,Adolescent,P51 - P55,Objects,"pipes, ladders etc",No exercise,Non-social,Noise,prenatal noise stress,Intermittent,NA,Stress first,Learning,Conditioning,Aversive,Morris water maze,Time to find platform,sec,no,Taken from day 3 of learning,2,"Fig. 3 b,c, (did not take data from the injected individuals (-S, -B)",10,10.5,NA,4.46,1.41,NA,NA,10,15.83,NA,7.43,2.35,NA,NA,10,20.09,NA,4.11,1.3,NA,NA,10,13.57,NA,3.29,1.04,NA,NA,"CC = C-SH-S, EC = C-EE-S, CS = S-SH-S, ES = S-EE-S",3,NA,3,only states that pre-natal stress was random,Contacted authors re density of EE vs SH cages,NA,EE and SH were equal densities of 6 indivs per cage,NA,NA,-0.039678484,0.011570003,0.245601215,0.011570003,-0.802892322,0.05013564,-0.11736094,0.168867951,0.722903941,0.168867951,-2.337356535,0.40017217,0.410531617,0.040072334,0.648846922,0.02222754,0.256486217,0.023920302,-0.392360705,0.010063307,-0.1540454,0.0279081,0.039678484,-0.245601215,0.802892322,-0.410531617,-0.648846922,-0.256486217,0.392360705,0.1540454,0.11736094,-0.722903941,2.337356535
60,1,Aghighi Bidgoli,2020,3,Rat,Wistar,NA,Male,3,"After isolation, animals were kept in group of 6",Adolescent,P21,Prenatal,NA,Adolescent,P51 - P55,Objects,"pipes, ladders etc",No exercise,Non-social,Noise,prenatal noise stress,Intermittent,NA,Stress first,Memory,Conditioning,Aversive,Morris water maze,memory of platform location - time spend in target quadrant,sec,no,Taken time spent in target quadrant - white bars,1,"Fig. 4 b,c - white bars",10,17.55,NA,3.1,0.98,NA,NA,10,17.31,NA,3.1,0.98,NA,NA,10,10.57,NA,2.53,0.8,NA,NA,10,18.06,NA,1.96,0.62,NA,NA,"CC = C-SH-S, EC = C-EE-S, CS = S-SH-S, ES = S-EE-S",3,NA,3,only states that pre-natal stress was random,Contacted authors re density of EE vs SH cages,NA,EE and SH were equal densities of 6 indivs per cage,NA,NA,0.229382936,0.00310005,-0.196884921,0.00310005,0.549449329,0.013234304,1.335682417,9.02023759,-1.147765718,9.02023759,2.848227608,0.422300594,-0.013769581,0.006327328,-0.50703415,0.008849266,0.028645598,0.004297918,0.535679748,0.006906975,0.042415179,0.004385038,0.229382936,-0.196884921,0.549449329,-0.013769581,-0.50703415,0.028645598,0.535679748,0.042415179,1.335682417,-1.147765718,2.848227608
22,2,Berardo,2016,4,Rat,Wistar,NA,Male,3,"After isolation stress, animals were housed in groups of 4",Adolescent,at weaning/adolescence,Early postnatal,post-natal before weaning,Adolescent,during adolescence,Combination,"multilevel, toys, running wheel",Exercise,Non-social,MS,maternal separation,Chronic,180mins daily for 21 days,Stress first,Learning,Conditioning,Aversive,Aversive conditioning to ethanol,amount of sodium chloride consumed during 30min,ml/100g,no,NA,2,In text page 10,8,3.37,NA,0.85,0.3,NA,NA,8,4.05,NA,2.29,0.81,NA,NA,8,3.96,NA,1.3,0.46,NA,NA,8,3.36,NA,1.78,0.63,NA,NA,"CC = AFR-CTRL, EC = AFR=EE, CS = MS-CTRL, ES = MS-EE",3,NA,1,NA,NA,NA,NA,NA,NA,0.010854923,0.024763987,-0.013568729,0.024763987,-0.348107188,0.096468558,0.024315099,0.127364896,-0.030393873,0.127364896,-0.778083154,0.500009238,0.183804137,0.047916396,0.161331281,0.021423416,-0.00297177,0.043033174,-0.164303051,0.048552161,-0.186775907,0.075045142,-0.010854923,0.013568729,0.348107188,-0.183804137,-0.161331281,0.00297177,0.164303051,0.186775907,-0.024315099,0.030393873,0.778083154
20,29,Bghagya,2017,93,Rat,Wistar,NA,Male,3,NA,Adult,NA,Adult,NA,Adult,NA,Objects,"ladders, tunnels etc",No exercise,Social,Restraint,NA,Chronic,NA,Stress first,Memory,Conditioning,Appetitive,T maze,Numeber of errors,count,no,NA,2,Fig. 5b,12,2.51,NA,0.48,0.14,NA,NA,12,2.48,NA,0.59,0.17,NA,NA,12,4.42,NA,0.97,0.28,NA,NA,12,2.43,NA,0.48,0.14,NA,NA,"CC = control, EC = EE, CS = Stress, ES = stress + EE",3,NA,1,NA,NA,NA,NA,NA,NA,-0.344585871,0.004032126,0.316812743,0.004032126,-0.586224246,0.015029051,-1.527063734,14.07487522,1.406108191,14.07487522,-2.963410811,0.357624205,-0.012024193,0.007764066,0.565856943,0.007061019,-0.032391496,0.006299108,-0.598248439,0.007264985,-0.020367303,0.007968032,0.344585871,-0.316812743,0.586224246,0.012024193,-0.565856943,0.032391496,0.598248439,0.020367303,1.527063734,-1.406108191,2.963410811
21,29,Bghagya,2017,92,Rat,Wistar,NA,Male,3,NA,Adult,NA,Adult,NA,Adult,NA,Objects,"ladders, tunnels etc",No exercise,Social,Restraint,NA,Chronic,NA,Stress first,Learning,Conditioning,Appetitive,T maze,Number of days to get 80% correct,days,no,NA,2,Fig. 5a,12,4.23,NA,0.73,0.21,NA,NA,12,3.92,NA,0.73,0.21,NA,NA,12,5.73,NA,1.8,0.52,NA,NA,12,4.1,NA,0.8,0.23,NA,NA,"CC = control, EC = EE, CS = Stress, ES = stress + EE",3,NA,1,NA,NA,NA,NA,NA,NA,-0.21663865,0.004688994,0.187421007,0.004688994,-0.258618218,0.016768034,-0.872335316,4.649146751,0.755424397,4.649146751,-1.187095481,0.341260093,-0.076110339,0.00537186,0.303513538,0.010705356,-0.031215019,0.005654612,-0.334728557,0.011396173,0.04489532,0.006062678,0.21663865,-0.187421007,0.258618218,0.076110339,-0.303513538,0.031215019,0.334728557,-0.04489532,0.872335316,-0.755424397,1.187095481
23,3,Blanco,2017,5,Mouse,Swiss,NA,Male,3,NA,Adolescent,P21,Early postnatal,P53,Adolescent,P54,Combination,"multilevel, toys, running wheel, drinking fountain, food dispenser, brush",Exercise,Non-social,Shock,light-dark box,Acute,shock,Stress first,Memory,Recognition,Not applicable,Novel object,Time spent exploring a novel object relative to nonnovel object,percent,yes,Only used black bars of object C (novel object),1,Fig. 5 b,25,64.83,NA,18.35,3.67,NA,NA,25,71.25,NA,15.3,3.06,NA,NA,25,73.09,NA,10.7,2.14,NA,NA,25,76.76,NA,16.8,3.36,NA,NA,"CC = control NoShock, EC = Enriched NoShock, CS = Control SR10, ES = Enriched SR10",3,NA,3,NA,NA,NA,NA,N was divided equally between treatment combinations,NA,0.055182856,0.001169511,0.075562429,0.001169511,-0.03056584,0.004758797,0.32176928,1.334193369,0.440504079,1.334193369,-0.153575447,0.160517677,0.071046148,0.002817503,0.091271343,0.002239406,0.131751651,0.003073487,0.040480308,0.001941294,0.060705503,0.002519391,0.055182856,0.075562429,-0.03056584,0.071046148,0.091271343,0.131751651,0.040480308,0.060705503,0.32176928,0.440504079,-0.153575447
24,4,Castelhano-Carlos,2014,6,Rat,Wistar,Wistar Han IGS,Male,3,NA,Adult,9 weeks,Adult,9 weeks,Adult,NA,Other,Phenoworld,Exercise,Non-social,Combination,"confinement, noise, cage tilt, wet bedding, lighting, food and water deprivation",Chronic,NA,Stress first,Memory,Recognition,Not applicable,Novel object,Time spent exploring a novel object relative to nonnovel object,percent,yes,Only used std(6) not std(2),1,Fig. 5 f,14,74.27,NA,13.99,3.74,NA,NA,14,71.37,NA,12.42,3.32,NA,NA,14,73.03,NA,12.42,3.32,NA,NA,14,71.78,NA,7.78,2.08,NA,NA,"CC = std(6), EC = Phw, CS = std(6) + CMS, ES = PhW + CMS",3,NA,3,Only states at EE was random,NA,NA,NA,N was calculated from df (((2 + 1 + 1) + 78)  + 1)  / 6,NA,-0.022834487,0.001220481,-0.004670944,0.001220481,0.018148306,0.004880469,-0.174187898,0.283818539,-0.03563276,0.283818539,0.139240306,0.285985191,-0.031887917,0.003026329,-0.013641594,0.003026655,-0.027381206,0.002217122,-0.013739611,0.00185414,0.004506711,0.001853814,-0.022834487,-0.004670944,0.018148306,-0.031887917,-0.013641594,-0.027381206,-0.013739611,0.004506711,-0.174187898,-0.03563276,0.139240306
25,5,Chen,2010,7,Mouse,ICR,NA,Male,3,NA,Adolescent,just says 'weaned',Adolescent,just says 'weaned',Adult,NA,Combination,"nesting material, objects",No exercise,Non-social,Restraint,NA,Chronic,NA,Concurrently,Memory,Recognition,Not applicable,Y-maze novel arm,Percent of novel arm visits,percent,yes,Only used white bars of 'novel arm',1,Fig. 3 a,12,38.22,NA,5.44,1.57,NA,NA,12,39.01,NA,2.7,0.78,NA,NA,11,35.08,NA,5.21,1.57,NA,NA,11,46.07,NA,5.94,2.1,NA,NA,"CC = SE, EC = EE, CS = Stress + SE, ES = Stess + EE",3,NA,1,NA,NA,NA,NA,NA,NA,0.088466043,0.000566124,0.028575168,0.000566124,0.150827223,0.002199554,1.202549462,7.868566932,0.388658981,7.868566932,2.080639069,0.399391167,0.012099743,0.00072809,-0.050134629,0.001261969,0.112792338,0.001385133,0.162926967,0.001471464,0.100692594,0.000937585,0.088466043,0.028575168,0.150827223,0.012099743,-0.050134629,0.112792338,0.162926967,0.100692594,1.202549462,0.388658981,2.080639069
26,5,Chen,2010,8,Mouse,ICR,NA,Male,3,NA,Adolescent,just says 'weaned',Adolescent,just says 'weaned',Adult,NA,Combination,"nesting material, objects",No exercise,Non-social,Restraint,NA,Chronic,NA,Concurrently,Memory,Recognition,Not applicable,Y-maze novel arm,percent duration of novel arm visits,percent,yes,Only used white bars of 'novel arm',1,"Fig. 3 b,c",12,43.04,NA,9.77,2.82,NA,NA,12,44.61,NA,7.62,2.2,NA,NA,11,38.95,NA,9.39,2.83,NA,NA,11,51.83,NA,6.22,2.2,NA,NA,"CC = SE, EC = EE, CS = Stress + SE, ES = Stess + EE",3,NA,1,NA,NA,NA,NA,NA,NA,0.099612821,0.0012698,0.021005666,0.0012698,0.154161101,0.005104239,0.841730768,3.903888873,0.177638609,3.903888873,1.317454204,0.390814254,0.021869835,0.002499335,-0.05988347,0.003439374,0.116147466,0.002333854,0.176030936,0.002604903,0.094277631,0.001664865,0.099612821,0.021005666,0.154161101,0.021869835,-0.05988347,0.116147466,0.176030936,0.094277631,0.841730768,0.177638609,1.317454204
2,15,Cordier,2021,45,Rat,Wistar,NA,Male,3,"mixed sex for stress, single sex for EE",Adolescent,PND 21,Early postnatal,NA,Adult,NA,Combination,"toys, wheel, climbing, novelty",Exercise,Social,MS,NA,Chronic,NA,Stress first,Memory,Conditioning,Aversive,Barnes maze,distance travelled,cm,no,NA,2,Fig. 2f,7,415.29,412.94,188.24,NA,289.41,543.53,7,256.47,261.18,99.35,NA,187.06,321.18,7,448.23,455.29,167.33,NA,331.76,557.65,7,387.06,377.65,486.86,177.78,271.76,511.76,"CC = AFR/NE, EC = AFR/EE, CS = MS/NE, ES = MS/EE",3,NA,1,NA,NA,NA,NA,mean and sd calculated from median and IQR (Wan et al 2014),NA,-0.294048413,0.090835396,0.217877836,0.090835396,0.335238599,0.276939067,-0.394899301,0.7181288,0.293549173,0.7181288,0.350578815,0.535932424,-0.481965373,0.047402155,0.076329422,0.045975923,-0.070397352,0.238349514,-0.146726774,0.229536912,0.411568021,0.230963144,0.294048413,-0.217877836,-0.335238599,0.481965373,-0.076329422,0.070397352,0.146726774,-0.411568021,0.394899301,-0.293549173,-0.350578815
5,15,Cordier,2021,42,Rat,Wistar,NA,Male,3,"mixed sex for stress, single sex for EE",Adolescent,PND 21,Early postnatal,NA,Adult,NA,Combination,"toys, wheel, climbing, novelty",Exercise,Social,MS,NA,Chronic,NA,Stress first,Learning,Conditioning,Aversive,Barnes maze,number of errors,count,no,trial 3,2,Fig. 1b,7,9.46,9.11,3.28,NA,7.42,11.85,7,5.82,5.6,2.41,NA,4.3,7.55,7,14.41,15.1,9.26,NA,7.81,20.31,7,5.43,5.08,8.97,3.27,3.39,7.81,"CC = AFR/NE, EC = AFR/EE, CS = MS/NE, ES = MS/EE",3,NA,1,NA,NA,NA,NA,mean and sd calculated from median and IQR (Wan et al 2014),NA,-0.752254312,0.113467556,0.261155318,0.113467556,-0.490211155,0.45780247,-0.933471276,3.400965668,0.337292315,3.400965668,-0.789974107,0.547856144,-0.485772121,0.038891581,0.420850027,0.071088477,-0.555133249,0.379880243,-0.975983276,0.418910889,-0.069361128,0.386713992,0.752254312,-0.261155318,0.490211155,0.485772121,-0.420850027,0.555133249,0.975983276,0.069361128,0.933471276,-0.337292315,0.789974107
6,15,Cordier,2021,44,Rat,Wistar,NA,Male,3,"mixed sex for stress, single sex for EE",Adolescent,PND 21,Early postnatal,NA,Adult,NA,Combination,"toys, wheel, climbing, novelty",Exercise,Social,MS,NA,Chronic,NA,Stress first,Memory,Conditioning,Aversive,Barnes maze,number of errors,count,no,NA,2,Fig. 2a,7,17.91,18.06,3.05,NA,15.77,19.89,7,14.94,15.09,4.4,NA,11.89,17.83,7,25.52,26.97,5.93,NA,20.8,28.8,7,12.54,11.89,14.18,5.18,9.37,16.36,"CC = AFR/NE, EC = AFR/EE, CS = MS/NE, ES = MS/EE",3,NA,1,NA,NA,NA,NA,mean and sd calculated from median and IQR (Wan et al 2014),NA,-0.457691979,0.042064114,0.147212117,0.042064114,-0.529221887,0.193119836,-0.979986002,3.734730447,0.32010828,3.734730447,-1.230051395,0.549339543,-0.181317036,0.015431687,0.354103242,0.011066002,-0.356435681,0.174355667,-0.710538923,0.177688149,-0.175118644,0.182053833,0.457691979,-0.147212117,0.529221887,0.181317036,-0.354103242,0.356435681,0.710538923,0.175118644,0.979986002,-0.32010828,1.230051395
74,15,Cordier,2021,40,Rat,Wistar,NA,Male,3,"mixed sex for stress, single sex for EE",Adolescent,PND 21,Early postnatal,NA,Adult,NA,Combination,"toys, wheel, climbing, novelty",Exercise,Social,MS,NA,Chronic,NA,Stress first,Learning,Conditioning,Aversive,Barnes maze,latency to initiate search,sec,no,trial 3,2,Fig. 1c,7,3.4,3.05,1.92,NA,2.28,4.87,7,7.81,7.61,4.51,NA,4.87,10.96,7,6.04,5.03,4.74,NA,3.35,9.75,7,6.19,6.55,9.6,3.5,3.65,8.38,"CC = AFR/NE, EC = AFR/EE, CS = MS/NE, ES = MS/EE",3,NA,1,NA,NA,NA,NA,mean and sd calculated from median and IQR (Wan et al 2014),NA,0.394101349,0.115662754,0.087085713,0.115662754,-0.807098457,0.489796626,0.387256294,0.695711222,0.086623118,0.695711222,-0.723557812,0.535832791,0.831629532,0.086981109,0.57462858,0.124633851,0.599159655,0.363219729,0.024531075,0.402815517,-0.232469877,0.365162775,-0.394101349,-0.087085713,0.807098457,-0.831629532,-0.57462858,-0.599159655,-0.024531075,0.232469877,-0.387256294,-0.086623118,0.723557812
75,15,Cordier,2021,41,Rat,Wistar,NA,Male,3,"mixed sex for stress, single sex for EE",Adolescent,PND 21,Early postnatal,NA,Adult,NA,Combination,"toys, wheel, climbing, novelty",Exercise,Social,MS,NA,Chronic,NA,Stress first,Learning,Conditioning,Aversive,Barnes maze,latency to locate escape hole,sec,no,trial 3,2,Fig. 1a,7,90.5,91.19,19.96,NA,76.68,103.63,7,67.01,68.39,15.35,NA,55.96,76.68,7,61.48,43.52,58.33,NA,31.09,109.84,7,31.78,35.23,37.83,13.81,20.73,39.38,"CC = AFR/NE, EC = AFR/EE, CS = MS/NE, ES = MS/EE",3,NA,1,NA,NA,NA,NA,mean and sd calculated from median and IQR (Wan et al 2014),NA,-0.430752548,0.044710965,-0.524097657,0.044710965,-0.359366769,0.322433764,-0.719340852,2.073775561,-0.868916144,2.073775561,-0.167967915,0.541957521,-0.300507989,0.013482213,-0.386637932,0.126506159,-1.04651269,0.195416965,-0.659874758,0.308951551,-0.746004701,0.195927605,0.430752548,0.524097657,0.359366769,0.300507989,0.386637932,1.04651269,0.659874758,0.746004701,0.719340852,0.868916144,0.167967915
76,15,Cordier,2021,43,Rat,Wistar,NA,Male,3,"mixed sex for stress, single sex for EE",Adolescent,PND 21,Early postnatal,NA,Adult,NA,Combination,"toys, wheel, climbing, novelty",Exercise,Social,MS,NA,Chronic,NA,Stress first,Memory,Conditioning,Aversive,Barnes maze,time in training quadrant,sec,no,NA,1,Fig. 2b,7,22.03,22.03,1.14,NA,21.26,22.8,7,38,36.33,11.73,NA,30.92,46.76,7,35.17,35.17,13.74,NA,25.89,44.44,7,53.88,54.85,39.31,14.36,43.71,63.09,"CC = AFR/NE, EC = AFR/EE, CS = MS/NE, ES = MS/EE",3,NA,1,NA,NA,NA,NA,mean and sd calculated from median and IQR (Wan et al 2014),NA,0.473929479,0.03432591,0.394353572,0.03432591,-0.118615094,0.104384403,0.801337152,2.54136295,0.670553753,2.54136295,0.12662421,0.544035687,0.545180999,0.013061834,0.467788286,0.020707185,0.894354191,0.071329468,0.426565905,0.091322569,0.349173192,0.083677218,0.473929479,0.394353572,-0.118615094,0.545180999,0.467788286,0.894354191,0.426565905,0.349173192,0.801337152,0.670553753,0.12662421
77,15,Cordier,2021,46,Rat,Wistar,NA,Male,3,"mixed sex for stress, single sex for EE",Adolescent,PND 21,Early postnatal,NA,Adult,NA,Combination,"toys, wheel, climbing, novelty",Exercise,Social,MS,NA,Chronic,NA,Stress first,Memory,Conditioning,Aversive,Barnes maze,latency to escape,sec,no,NA,2,Fig. 2c,7,75.38,77.39,18.61,NA,61.81,86.93,7,33,34.67,8.93,NA,26.13,38.19,7,52.43,51.26,10.05,NA,46.23,59.8,7,18.59,15.08,33.63,12.28,12.06,28.64,"CC = AFR/NE, EC = AFR/EE, CS = MS/NE, ES = MS/EE",3,NA,1,NA,NA,NA,NA,mean and sd calculated from median and IQR (Wan et al 2014),NA,-0.907216931,0.064304216,-0.422682043,0.064304216,-0.210820718,0.459138226,-1.871842462,13.27256159,-0.917502419,13.27256159,0.419457744,0.591729903,-0.826034426,0.017890479,-0.363063041,0.013025835,-1.399918186,0.444475499,-1.036855145,0.441247747,-0.57388376,0.446112391,0.907216931,0.422682043,0.210820718,0.826034426,0.363063041,1.399918186,1.036855145,0.57388376,1.871842462,0.917502419,-0.419457744
61,6,Cui,2006,9,Rat,Unknown,contaced authors re strain,Male,3,NA,Adolescent,PND 22-52,Early postnatal,PND 2 - 21,Adolescent,PND 53 - 57,Combination,"multilevel, toys, running wheel",Exercise,Non-social,Other,nesting material,Chronic,NA,Stress first,Learning,Conditioning,Aversive,Morris water maze,Escape latency,sec,no,Taken after 16 trials,2,Fig. 1a,8,18.69,NA,5.854844148,2.07,NA,NA,8,16.61,NA,7.042783541,2.49,NA,NA,8,27.82,NA,12.84105915,4.54,NA,NA,8,13.29,NA,7.042783541,2.49,NA,NA,"CC = ctr, EC = ctr + EE, CS = str, ES = str + EE",3,NA,3,NA,asked what strain of rat was used,24/06/2021,NA,NA,NA,-0.441808863,0.025379527,0.152368437,0.025379527,-0.620759616,0.096474432,-0.961588886,3.823612745,0.336353488,3.823612745,-1.441514947,0.514447706,-0.117983698,0.034739456,0.397766565,0.038898152,-0.340976749,0.047369904,-0.738743314,0.061734976,-0.222993051,0.05757628,0.441808863,-0.152368437,0.620759616,0.117983698,-0.397766565,0.340976749,0.738743314,0.222993051,0.961588886,-0.336353488,1.441514947
62,6,Cui,2006,10,Rat,Unknown,contaced authors re strain,Male,3,NA,Adolescent,PND 22-52,Early postnatal,PND 2 - 21,Adolescent,PND 53 - 57,Combination,"multilevel, toys, running wheel",Exercise,Non-social,Other,nesting material,Chronic,NA,Stress first,Memory,Conditioning,Aversive,Morris water maze,Time on target quadrant,sec,no,NA,1,Fig. 1b,8,52.94,NA,38.49489317,13.61,NA,NA,8,74.5,NA,17.1119841,6.05,NA,NA,8,9.93,NA,33.9411255,12,NA,NA,8,55.97,NA,42.76581813,15.12,NA,NA,"CC = ctr, EC = ctr + EE, CS = str, ES = str + EE",3,NA,3,NA,asked what strain of rat was used,24/06/2021,NA,NA,NA,0.730074213,0.098874739,-0.659507224,0.098874739,1.387615426,1.606038513,0.980267044,3.968693908,-0.892391034,3.968693908,0.709968557,0.515014429,0.341639929,0.072686669,-1.673598719,1.526465595,0.055656636,0.139070091,1.729255355,1.533351843,-0.285983292,0.079572918,0.730074213,-0.659507224,1.387615426,0.341639929,-1.673598719,0.055656636,1.729255355,-0.285983292,0.980267044,-0.892391034,0.709968557
7,16,Dandi,2018,50,Rat,Wistar,NA,Mixed,2,same gender pairs,Adolescent,PND23,Early postnatal,NA,Adult,NA,Combination,"toys, wheel, tunnel, novelty",Exercise,Social,MS,NA,Chronic,NA,Stress first,Memory,Conditioning,Aversive,Morris water maze,Entries to target quadrant,count,no,NA,1,Fig. 5b,10,3.3,NA,1.45,0.46,NA,NA,13,2.85,NA,1.35,0.39,NA,NA,12,1.33,NA,1.18,0.34,NA,NA,12,2.49,NA,1.28,0.37,NA,NA,"CC = NMS + Sh, EC  = NMS + EE, CS = MS + Sh, ES = MS + EE",1,NA,1,NA,NA,NA,NA,NA,NA,0.142668785,0.024925,-0.476201659,0.024925,0.773707242,0.124183924,0.270372037,0.515366036,-0.887277248,0.515366036,1.226194308,0.344367414,-0.146603474,0.036566452,-0.908743526,0.084903025,-0.281639758,0.041327854,0.627103768,0.087617472,-0.135036284,0.039280899,0.142668785,-0.476201659,0.773707242,-0.146603474,-0.908743526,-0.281639758,0.627103768,-0.135036284,0.270372037,-0.887277248,1.226194308
35,16,Dandi,2018,47,Rat,Wistar,NA,Mixed,2,same gender pairs,Adolescent,PND23,Early postnatal,NA,Adult,NA,Combination,"toys, wheel, tunnel, novelty",Exercise,Social,MS,NA,Chronic,NA,Stress first,Memory,Recognition,Not applicable,Novel object recognition,Discirimination ratio,percent,yes,NA,1,Fig. 3,10,66.91,NA,17.17,5.43,NA,NA,13,78.45,NA,19.61,5.44,NA,NA,12,75.57,NA,12.92,3.73,NA,NA,12,76.08,NA,9.39,2.71,NA,NA,"CC = NMS + Sh, EC  = NMS + EE, CS = MS + Sh, ES = MS + EE",1,NA,1,NA,NA,NA,NA,NA,NA,0.065463269,0.002455074,0.032517651,0.002455074,-0.121756455,0.009917932,0.382094728,0.943626177,0.189849436,0.943626177,-0.697303874,0.345142897,0.127392462,0.007322921,0.095419142,0.00532413,0.101055149,0.004526634,0.005636007,0.002595011,-0.026337313,0.004593802,0.065463269,0.032517651,-0.121756455,0.127392462,0.095419142,0.101055149,0.005636007,-0.026337313,0.382094728,0.189849436,-0.697303874
78,16,Dandi,2018,48,Rat,Wistar,NA,Mixed,2,same gender pairs,Adolescent,PND23,Early postnatal,NA,Adult,NA,Combination,"toys, wheel, tunnel, novelty",Exercise,Social,MS,NA,Chronic,NA,Stress first,Learning,Conditioning,Aversive,Morris water maze,Latency to find platform,sec,no,Trial 4,2,Fig. 4,10,12.67,NA,6.8,2.15,NA,NA,13,10.04,NA,4.95,1.43,NA,NA,12,17.93,NA,5.79,1.67,NA,NA,12,9.56,NA,6.62,1.91,NA,NA,"CC = NMS + Sh, EC  = NMS + EE, CS = MS + Sh, ES = MS + EE",1,NA,1,NA,NA,NA,NA,NA,NA,-0.445470443,0.022334671,0.191016946,0.022334671,-0.39622768,0.096152284,-0.912834818,4.981343437,0.396668221,4.981343437,-0.95266761,0.35245429,-0.23265988,0.047502974,0.347238293,0.037494693,-0.281649267,0.068764181,-0.628887561,0.04864931,-0.048989387,0.058657591,0.445470443,-0.191016946,0.39622768,0.23265988,-0.347238293,0.281649267,0.628887561,0.048989387,0.912834818,-0.396668221,0.95266761
79,16,Dandi,2018,49,Rat,Wistar,NA,Mixed,2,same gender pairs,Adolescent,PND23,Early postnatal,NA,Adult,NA,Combination,"toys, wheel, tunnel, novelty",Exercise,Social,MS,NA,Chronic,NA,Stress first,Memory,Conditioning,Aversive,Morris water maze,Time spent in target quadrant,sec,no,NA,1,Fig. 5a,10,23.43,NA,5.28,1.67,NA,NA,13,21.26,NA,3.29,0.95,NA,NA,12,17.57,NA,3.74,1.08,NA,NA,12,21.39,NA,3.33,0.96,NA,NA,"CC = NMS + Sh, EC  = NMS + EE, CS = MS + Sh, ES = MS + EE",1,NA,1,NA,NA,NA,NA,NA,NA,0.039455207,0.003317595,-0.137214284,0.003317595,0.293920501,0.012716071,0.211118228,0.34775151,-0.733156029,0.34775151,1.532846288,0.344063902,-0.09718988,0.006920494,-0.28782435,0.00885424,-0.091093729,0.007098052,0.196730621,0.005795577,0.00609615,0.003861831,0.039455207,-0.137214284,0.293920501,-0.09718988,-0.28782435,-0.091093729,0.196730621,0.00609615,0.211118228,-0.733156029,1.532846288
8,17,do Prado,2016,51,Rat,Sprague-Dawley,NA,Male,5,"pair housed for EE, group housed for control",Adolescent,PND 21,Early postnatal,NA,Adolescent,PND 36,Combination,"toys, bedding",No exercise,Social,MS,NA,Chronic,NA,Stress first,Memory,Conditioning,Appetitive,8 arm radial maze,number of errors,count,no,male,2,Fig. 2b,9,1.48,NA,0.81,0.27,NA,NA,9,1.72,NA,1.47,0.49,NA,NA,9,3.28,NA,2.34,0.78,NA,NA,9,1.63,NA,1.65,0.55,NA,NA,"CC = Con + NE, EC = Con + EE, CS = MS + NE, ES = MS + EE",3,NA,3,NA,NA,NA,NA,NA,NA,-0.351287322,0.078418679,0.428123132,0.078418679,-0.849545611,0.284845979,-0.424839501,0.92330982,0.515230885,0.92330982,-1.138931429,0.446951231,0.150282203,0.114440327,0.795801335,0.089832752,0.096537927,0.147136084,-0.699263408,0.170405652,-0.053744276,0.195013227,0.351287322,-0.428123132,0.849545611,-0.150282203,-0.795801335,-0.096537927,0.699263408,0.053744276,0.424839501,-0.515230885,1.138931429
9,17,do Prado,2016,52,Rat,Sprague-Dawley,NA,Female,5,"pair housed for EE, group housed for control",Adolescent,PND 21,Early postnatal,NA,Adolescent,PND 36,Combination,"toys, bedding",No exercise,Social,MS,NA,Chronic,NA,Stress first,Memory,Conditioning,Appetitive,8 arm radial maze,number of errors,count,no,female,2,Fig. 2b,9,2.02,NA,1.65,0.55,NA,NA,9,2.2,NA,1.71,0.57,NA,NA,9,3.02,NA,1.35,0.45,NA,NA,9,1.57,NA,0.96,0.32,NA,NA,"CC = Con + NE, EC = Con + EE, CS = MS + NE, ES = MS + EE",3,NA,3,NA,NA,NA,NA,NA,NA,-0.290331081,0.049944875,0.084044896,0.049944875,-0.739541061,0.205009229,-0.438434402,0.976122374,0.127732857,0.976122374,-1.12543004,0.447114232,0.085359849,0.141262988,0.40215932,0.096337862,-0.252021892,0.115678156,-0.654181212,0.063746241,-0.337381741,0.108671367,0.290331081,-0.084044896,0.739541061,-0.085359849,-0.40215932,0.252021892,0.654181212,0.337381741,0.438434402,-0.127732857,1.12543004
10,19,Gaun,2021,56,Rat,Wistar,NA,Mixed,3,NA,Adolescent,PND 21,Prenatal,NA,Adolescent,PND 50,Combination,"objects, wheel. Complexity",Exercise,Social,Combination,CUMS,Chronic,NA,Stress first,Memory,Conditioning,Aversive,Morris water maze,Number of platform crossing,count,no,NA,1,Fig. 5b,16,7.37,NA,1.91,NA,NA,NA,16,9.01,NA,2.17,NA,NA,NA,16,4.93,NA,2.18,NA,NA,NA,16,8.82,NA,2.36,NA,NA,NA,"CC = OPC, EC = OPC + EE, CS = OPS, ES = OPS + EE",3,NA,1,NA,NA,NA,NA,NA,NA,0.371283169,0.005491088,-0.175022254,0.005491088,0.380765517,0.02451857,1.279523658,13.15994633,-0.608525718,13.15994633,1.0412037,0.262790475,0.200917365,0.007823053,-0.402078718,0.01641849,0.179604164,0.008672434,0.581682882,0.016695517,-0.021313202,0.00810008,0.371283169,-0.175022254,0.380765517,0.200917365,-0.402078718,0.179604164,0.581682882,-0.021313202,1.279523658,-0.608525718,1.0412037
11,19,Gaun,2021,57,Rat,Wistar,NA,Mixed,3,NA,Adolescent,PND 21,Prenatal,NA,Adolescent,PND 50,Combination,"objects, wheel. Complexity",Exercise,Social,Combination,CUMS,Chronic,NA,Stress first,Learning,Recognition,Not applicable,y-maze novel arm,Number of required training,count,no,NA,2,Fig. 6a,16,19.77,NA,2.42,NA,NA,NA,16,16.91,NA,5.28,NA,NA,NA,16,29.43,NA,4.53,NA,NA,NA,16,20.53,NA,6.2,NA,NA,NA,"CC = OPC, EC = OPC + EE, CS = OPS, ES = OPS + EE",3,NA,1,NA,NA,NA,NA,NA,NA,-0.273153972,0.003637991,0.308991038,0.003637991,-0.203866857,0.014210829,-1.221455157,11.99812161,1.379330314,11.99812161,-1.254692032,0.26165588,-0.156260474,0.007029891,0.397848925,0.002417276,0.037721594,0.006636617,-0.360127331,0.007180938,0.193982068,0.011793553,0.273153972,-0.308991038,0.203866857,0.156260474,-0.397848925,-0.037721594,0.360127331,-0.193982068,1.221455157,-1.379330314,1.254692032
56,19,Gaun,2021,58,Rat,Wistar,NA,Mixed,3,NA,Adolescent,PND 21,Prenatal,NA,Adolescent,PND 50,Combination,"objects, wheel. Complexity",Exercise,Social,Combination,CUMS,Chronic,NA,Stress first,Memory,Recognition,Not applicable,y-maze novel arm,Rate of correct responeses,rate,no,NA,1,Fig. 6b,16,0.83,NA,0.21,NA,NA,NA,16,0.98,NA,0.24,NA,NA,NA,16,0.55,NA,0.28,NA,NA,NA,16,0.86,NA,0.28,NA,NA,NA,"CC = OPC, EC = OPC + EE, CS = OPS, ES = OPS + EE",3,NA,1,NA,NA,NA,NA,NA,NA,0.287682072,0.006530928,-0.249737141,0.006530928,0.28088724,0.030572932,0.904747846,6.611049323,-0.786737258,6.611049323,0.629389806,0.256395068,0.166126871,0.007749382,-0.411507423,0.020199291,0.035506688,0.010626146,0.447014111,0.02282355,-0.130620182,0.010373641,0.287682072,-0.249737141,0.28088724,0.166126871,-0.411507423,0.035506688,0.447014111,-0.130620182,0.904747846,-0.786737258,0.629389806
81,19,Gaun,2021,55,Rat,Wistar,NA,Mixed,3,NA,Adolescent,PND 21,Prenatal,NA,Adolescent,PND 50,Combination,"objects, wheel. Complexity",Exercise,Social,Combination,CUMS,Chronic,NA,Stress first,Learning,Conditioning,Aversive,Morris water maze,Escape latency,sec,no,Day 5,2,Fig. 5a,16,22.38,NA,3.76,NA,NA,NA,16,27.13,NA,6.73,NA,NA,NA,16,30.3,NA,3.56,NA,NA,NA,16,20,NA,3.17,NA,NA,NA,"CC = OPC, EC = OPC + EE, CS = OPS, ES = OPS + EE",3,NA,1,NA,NA,NA,NA,NA,NA,-0.111326136,0.002160995,0.015830408,0.002160995,-0.607887863,0.008043072,-0.612323982,3.062025276,0.08715963,3.062025276,-3.320892229,0.252929224,0.192472424,0.005610161,0.30298001,0.00262692,-0.112435429,0.003334291,-0.415415439,0.00243291,-0.304907853,0.005416152,0.111326136,-0.015830408,0.607887863,-0.192472424,-0.30298001,0.112435429,0.415415439,0.304907853,0.612323982,-0.08715963,3.320892229
36,18,Gonzales-Pardo,2019,54,Rat,Wistar,NA,Male,3,NA,Adolescent,PND 21,Early postnatal,NA,Adult,NA,Combination,"objects, bedding, wheel",Exercise,Social,MS,NA,Chronic,NA,Stress first,Memory,Conditioning,Aversive,Morris water maze,Percent time in target quadrant,percent,yes,NA,1,Raw data,10,33.3,NA,3.86,NA,NA,NA,10,37.2,NA,2.97,NA,NA,NA,10,32.5,NA,1.9,NA,NA,NA,10,39.4,NA,4.14,NA,NA,NA,"CC = AFR/NE, EC = AFR/EE, CS = MS/NE, ES = MS/EE",3,mention blinding but only for one of the behaviours,1,NA,NA,NA,NA,NA,NA,0.088315231,0.00029368,0.011045057,0.00029368,0.047855112,0.001164123,1.62365354,13.28125409,0.203190518,13.28125409,0.896531007,0.432953135,0.064268156,0.000662598,-0.01393692,0.000555016,0.098186349,0.000832943,0.112123269,0.000501525,0.033918193,0.000609108,0.088315231,0.011045057,0.047855112,0.064268156,-0.01393692,0.098186349,0.112123269,0.033918193,1.62365354,0.203190518,0.896531007
80,18,Gonzales-Pardo,2019,53,Rat,Wistar,NA,Male,3,NA,Adolescent,PND 21,Early postnatal,NA,Adult,NA,Combination,"objects, bedding, wheel",Exercise,Social,MS,NA,Chronic,NA,Stress first,Learning,Conditioning,Aversive,Morris water maze,Escape latency,sec,no,Day 4,2,Raw data,10,20.62,NA,9.36,NA,NA,NA,10,12.77,NA,5.32,NA,NA,NA,10,17.97,NA,8.41,NA,NA,NA,10,12.87,NA,8.38,NA,NA,NA,"CC = AFR/NE, EC = AFR/EE, CS = MS/NE, ES = MS/EE",3,mention blinding but only for one of the behaviours,1,NA,NA,NA,NA,NA,NA,-0.408839543,0.02561961,-0.079443905,0.02561961,0.145358129,0.102259957,-0.808011841,3.364415674,-0.159106579,3.364415674,0.343171052,0.408161039,-0.479162809,0.037960757,-0.137557778,0.042507692,-0.471362457,0.063001675,-0.333804679,0.0642992,0.007800352,0.059752265,0.408839543,0.079443905,-0.145358129,0.479162809,0.137557778,0.471362457,0.333804679,-0.007800352,0.808011841,0.159106579,-0.343171052
91,31,Grace,2009,95,Rat,Sprague-Dawley,NA,Male,6,NA,Adolescent,PND 29,Early postnatal,NA,Adolescent,PND 50 -54,Wheel/trademill,Wheel,Exercise,Non-social,Density,Housed in isolation,Chronic,NA,Stress first,Learning,Conditioning,Aversive,Morris water maze,Time to find platform,sec,no,NA,2,Fig. 3,13,39.78,NA,21.16458599,5.87,NA,NA,11,22.5,NA,8.656390703,2.61,NA,NA,11,38.15,NA,7.561904522,2.28,NA,NA,11,24.13,NA,9.297096321,2.94,NA,NA,"CC = nMSnR, EC = nMSR, CS = MSnR, ES = MSR",3,NA,3,NA,Try contact authors re raw data of non-sig effects,29/06/2021,retired and data 'destroyed',also states that other responses were measured and no differences were found.,NA,-0.513566877,0.013637851,0,0.013637851,0.111779086,0.053647163,-1.159095976,7.646892395,0,7.646892395,0.241447468,0.373669075,-0.569848964,0.035230422,-0.041838516,0.025346169,-0.499908394,0.036619416,-0.458069878,0.01841674,0.06994057,0.028300994,0.513566877,0,-0.111779086,0.569848964,0.041838516,0.499908394,0.458069878,-0.06994057,1.159095976,0,-0.241447468
92,31,Grace,2009,96,Rat,Sprague-Dawley,NA,Male,6,NA,Adolescent,PND 29,Early postnatal,NA,Adolescent,PND 50 -54,Wheel/trademill,Wheel,Exercise,Non-social,Density,Housed in isolation,Chronic,NA,Stress first,Memory,Recognition,Not applicable,Temporal object recognition,time exploring object,sec,no,Took difference between first and second phase. SD calculated as SD^2[1] + SD^2[2] - 2*0.5SD[1]SD[2] where 0.5 = correlation,2,Fig. 5,13,4.03,NA,5.467971,"1.73, 1.1",NA,NA,11,7.08,NA,6.500585,"2.24, 1.04",NA,NA,11,5.53,NA,5.525043,"1.9, 1.21",NA,NA,11,4.77,NA,7.09387,"2.59, 1.26",NA,NA,"CC = nMSnR, EC = nMSR, CS = MSnR, ES = MSR",3,NA,3,NA,NA,44376,retired and data 'destroyed',NA,NA,0.214740141,0.118723344,-0.075701708,0.118723344,-0.711349042,0.530167866,0.186854497,0.286079956,-0.066092639,0.286079956,-0.621760378,0.359129199,0.563507532,0.218249911,0.31642144,0.232357828,0.168579929,0.362783412,-0.147841511,0.311917955,-0.394927603,0.297810038,-0.214740141,0.075701708,0.711349042,-0.563507532,-0.31642144,-0.168579929,0.147841511,0.394927603,-0.186854497,0.066092639,0.621760378
82,20,Hui,2011,59,Rat,Sprague-Dawley,NA,Mixed,3,NA,Adolescent,PND 21,Early postnatal,NA,Adult,PND 61,Combination,"objects, wheel",Exercise,Social,MS,NA,Chronic,NA,Stress first,Learning,Conditioning,Aversive,Morris water maze,Latency to platform,sec,no,NA,2,Fig. 4a,13,32,NA,8.8,NA,NA,NA,13,26.8,NA,5.2,NA,NA,NA,13,54,NA,9.2,NA,NA,NA,13,18,NA,4.8,NA,NA,NA,"CC = NMS, EC = NMS + EE, CS = MS, ES = MS + EE",1,NA,1,NA,NA,NA,NA,NA,NA,-0.652139157,0.003605132,0.202524264,0.003605132,-0.921278273,0.016416135,-2.828560437,52.08182504,0.90623781,52.08182504,-4.22910978,0.384622636,-0.177334015,0.008713276,0.523248144,0.008050082,-0.575364145,0.011287393,-1.098612289,0.00770286,-0.39803013,0.008366053,0.652139157,-0.202524264,0.921278273,0.177334015,-0.523248144,0.575364145,1.098612289,0.39803013,2.828560437,-0.90623781,4.22910978
83,20,Hui,2011,60,Rat,Sprague-Dawley,NA,Mixed,3,NA,Adolescent,PND 21,Early postnatal,NA,Adult,PND 61,Combination,"objects, wheel",Exercise,Social,MS,NA,Chronic,NA,Stress first,Memory,Conditioning,Aversive,Morris water maze,Time in target quadrant,sec,no,Trial 4,1,Fig. 4b,13,59,NA,6.91,NA,NA,NA,13,64.05,NA,9.04,NA,NA,NA,13,45.71,NA,6.65,NA,NA,NA,13,62.72,NA,5.85,NA,NA,NA,"CC = NMS, EC = NMS + EE, CS = MS, ES = MS + EE",1,NA,1,NA,NA,NA,NA,NA,NA,0.191179797,0.001200226,-0.126485973,0.001200226,0.234236699,0.004884764,1.529899526,15.29077472,-1.013922533,15.29077472,1.658893775,0.330198005,0.082126584,0.002587477,-0.255220352,0.002683223,0.061142932,0.001724337,0.316363284,0.002297287,-0.020983652,0.002201541,0.191179797,-0.126485973,0.234236699,0.082126584,-0.255220352,0.061142932,0.316363284,-0.020983652,1.529899526,-1.013922533,1.658893775
37,21,Lui,2011,62,Rat,Sprague-Dawley,NA,Male,3,NA,Adolescent,PND 22,Prenatal,NA,Adult,NA,Combination,"objects ,wheel, size",Exercise,Social,MS,NA,Chronic,NA,Stress first,Memory,Conditioning,Aversive,Morris water maze,Percent time in target quadrant,percent,yes,NA,1,In text page 436,5,32,NA,4.7,2.1,NA,NA,5,34.06,NA,7.6,3.4,NA,NA,5,28.3,NA,3.58,1.6,NA,NA,5,34.1,NA,4.92,2.2,NA,NA,"CC = PC/SE, EC = PC/EE, CS = PS/SE, ES = PS/EE",3,NA,3,only mentioned that stress treatment was random,NA,NA,NA,NA,NA,0.070230911,0.001783359,-0.033136166,0.001783359,0.070107812,0.007104057,0.734876359,1.550108158,-0.346838222,1.550108158,0.708345347,0.813501082,0.035779408,0.004715304,-0.069430918,0.002407735,0.036456302,0.002789075,0.105887221,0.002388752,0.000676894,0.004696321,0.070230911,-0.033136166,0.070107812,0.035779408,-0.069430918,0.036456302,0.105887221,0.000676894,0.734876359,-0.346838222,0.708345347
84,21,Lui,2011,61,Rat,Sprague-Dawley,NA,Male,3,NA,Adolescent,PND 22,Prenatal,NA,Adult,NA,Combination,"objects ,wheel, size",Exercise,Social,MS,NA,Chronic,NA,Stress first,Learning,Conditioning,Aversive,Morris water maze,Escape latency,sec,no,Day 4,2,Fig. 1,5,14.71,NA,9.97,4.46,NA,NA,5,15.01,NA,6.31,2.82,NA,NA,5,17.83,NA,7.65,3.42,NA,NA,5,11,NA,4.65,2.08,NA,NA,"CC = PC/SE, EC = PC/EE, CS = PS/SE, ES = PS/EE",3,NA,3,only mentioned that stress treatment was random,NA,NA,NA,NA,NA,-0.223989022,0.047992311,-0.030403708,0.047992311,-0.50317627,0.199776262,-0.440892268,0.68596498,-0.060090983,0.68596498,-0.962806086,0.80485965,0.020189111,0.127219442,0.192354897,0.128691646,-0.290632262,0.127614165,-0.482987159,0.07255682,-0.310821373,0.071084616,0.223989022,0.030403708,0.50317627,-0.020189111,-0.192354897,0.290632262,0.482987159,0.310821373,0.440892268,0.060090983,0.962806086
27,7,Menezes,2020,13,Rat,Wistar,NA,Male,3,NA,Adolescent,"Mixed adolescent and adult (21 - 80), but mostly adolescence",Early postnatal,PND 1-10,Adult,PND 81,Objects,objects,No exercise,Non-social,MS,NA,Chronic,NA,Stress first,Memory,Conditioning,Not applicable,Novel object,Percent time exploring novel object relative to nonnovel after 3h,percent,yes,Only used grey bars (novel objects),1,Fig. 2a,9,62.3,NA,26.97,8.75,NA,NA,9,75.96,NA,11.77,3.82,NA,NA,9,55.19,NA,28.63,9.29,NA,NA,9,67.76,NA,20.22,6.56,NA,NA,"CC = control, EC = EE, CS = MD, ES = MD + EE",1,NA,3,NA,NA,NA,NA,n taken as averge of range,NA,0.147788964,0.007215117,-0.086830048,0.007215117,-0.00751819,0.029336785,0.585258679,1.732269836,-0.344264805,1.732269836,-0.080395269,0.425559575,0.15138548,0.011630993,-0.082793986,0.022287121,0.061073305,0.015116008,0.14386729,0.017705792,-0.090312175,0.007049664,0.147788964,-0.086830048,-0.00751819,0.15138548,-0.082793986,0.061073305,0.14386729,-0.090312175,0.585258679,-0.344264805,-0.080395269
28,7,Menezes,2020,14,Rat,Wistar,NA,Male,3,NA,Adolescent,"Mixed adolescent and adult (21 - 80), but mostly adolescence",Early postnatal,PND 1-10,Adult,PND 81,Objects,objects,No exercise,Non-social,MS,NA,Chronic,NA,Stress first,Memory,Conditioning,Not applicable,Novel object,Percent time exploring novel object relative to nonnovel after 24h,percent,yes,Only used grey bars (novel objects),1,Fig. 2b,9,56.59,NA,10.17,3.3,NA,NA,9,58.79,NA,27.09,8.79,NA,NA,9,54.95,NA,55.88,18.13,NA,NA,9,65.93,NA,44.04,14.29,NA,NA,"CC = control, EC = EE, CS = MD, ES = MD + EE",1,NA,3,NA,NA,NA,NA,n taken as averge of range,NA,0.076902927,0.021313884,0.032648206,0.021313884,0.10063109,0.084890147,0.171562216,0.24507273,0.072864081,0.24507273,0.229776574,0.421439916,0.0258144,0.011969271,-0.019581271,0.049140028,0.106864219,0.026837171,0.12644549,0.072920876,0.081049819,0.03575012,0.076902927,0.032648206,0.10063109,0.0258144,-0.019581271,0.106864219,0.12644549,0.081049819,0.171562216,0.072864081,0.229776574
29,7,Menezes,2020,19,Rat,Wistar,NA,Male,3,NA,Adolescent,"Mixed adolescent and adult (21 - 80), but mostly adolescence",Early postnatal,PND 1-10,Adult,PND 81,Objects,objects,No exercise,Non-social,MS,NA,Chronic,NA,Stress first,Learning,Conditioning,Aversive,Morris water maze - cognitive flexibility,percent time in reversed quadrant,percent,yes,Only used blac bars (reversed quadrant),1,Fig. 1c,9,30.3,NA,18.18,6.06,NA,NA,9,34.24,NA,9.09,3.03,NA,NA,9,25.45,NA,8.19,2.73,NA,NA,9,35.76,NA,5.46,1.82,NA,NA,"CC = control, EC = EE, CS = MD, ES = MD + EE",1,NA,3,NA,NA,NA,NA,NA,NA,0.130033186,0.005173042,-0.032128945,0.005173042,0.122631963,0.019792667,0.628241134,1.887202261,-0.155432781,1.887202261,0.570255861,0.449926207,0.069824792,0.015403122,-0.097458435,0.016306297,0.09499832,0.01367142,0.192456755,0.004389544,0.025173528,0.003486369,0.130033186,-0.032128945,0.122631963,0.069824792,-0.097458435,0.09499832,0.192456755,0.025173528,0.628241134,-0.155432781,0.570255861
63,7,Menezes,2020,11,Rat,Wistar,NA,Male,3,NA,Adolescent,"Mixed adolescent and adult (21 - 80), but mostly adolescence",Early postnatal,PND 1-10,Adult,PND 81,Objects,objects,No exercise,Non-social,MS,NA,Chronic,NA,Stress first,Memory,Recognition,Not applicable,Novel object,time exporing novel object 3h later,sec,no,NA,1,Table 1,9,33,NA,9.986350685,3.24,NA,NA,9,32.14,NA,12.39047215,4.02,NA,NA,9,26.78,NA,7.243186453,2.35,NA,NA,9,23.92,NA,5.054819482,1.64,NA,NA,"CC = control, EC = EE, CS = MD, ES = MD + EE",1,NA,3,NA,NA,NA,NA,n taken as averge of range,NA,-0.064248611,0.010480824,-0.250612889,0.010480824,-0.08653421,0.037685275,-0.204387598,0.303691037,-0.793375517,0.303691037,-0.219771611,0.421602293,-0.026406201,0.025284122,-0.208852221,0.017340092,-0.321792632,0.0143404,-0.112940411,0.012401153,-0.295386431,0.020345183,-0.064248611,-0.250612889,-0.08653421,-0.026406201,-0.208852221,-0.321792632,-0.112940411,-0.295386431,-0.204387598,-0.793375517,-0.219771611
64,7,Menezes,2020,12,Rat,Wistar,NA,Male,3,NA,Adolescent,"Mixed adolescent and adult (21 - 80), but mostly adolescence",Early postnatal,PND 1-10,Adult,PND 81,Objects,objects,No exercise,Non-social,MS,NA,Chronic,NA,Stress first,Memory,Recognition,Not applicable,Novel object,time exporing novel object 24h later,sec,no,NA,1,Table 1,9,28.5,NA,22.5,7.3,NA,NA,9,19.86,NA,12.51,4.06,NA,NA,9,22.78,NA,7.92,2.57,NA,NA,9,35.67,NA,13.93,4.52,NA,NA,"CC = control, EC = EE, CS = MD, ES = MD + EE",1,NA,3,NA,NA,NA,NA,n taken as averge of range,NA,0.079622603,0.034742287,0.189498662,0.034742287,0.80962347,0.13615163,0.140154811,0.19856917,0.33274401,0.19856917,1.420015566,0.421311097,-0.361196429,0.107374159,-0.224021129,0.078331104,0.224405912,0.08166083,0.448427041,0.028777472,0.585602341,0.057820526,0.079622603,0.189498662,0.80962347,-0.361196429,-0.224021129,0.224405912,0.448427041,0.585602341,0.140154811,0.33274401,1.420015566
65,7,Menezes,2020,15,Rat,Wistar,NA,Male,3,NA,Adolescent,"Mixed adolescent and adult (21 - 80), but mostly adolescence",Early postnatal,PND 1-10,Adult,PND 81,Objects,objects,No exercise,Non-social,MS,NA,Chronic,NA,Stress first,Memory,Conditioning,Aversive,Inhibitory avoidance,latency to step onto platform after 3h,sec,no,Only used test section,1,Fig. 3a,10,84.75,NA,110.62,34.98,NA,NA,10,84.75,NA,123.39,39.02,NA,NA,10,141.26,NA,136.1,43.04,NA,NA,10,104.93,NA,85.1,26.91,NA,NA,"CC = control, EC = EE, CS = MD, ES = MD + EE",1,NA,3,NA,NA,NA,NA,NA,NA,-0.175240804,0.122664547,0.373250669,0.122664547,-0.297308703,0.540943524,-0.157470429,0.223984679,0.332408675,0.223984679,-0.314940857,0.400309962,0,0.382340933,0.510896418,0.263195704,0.213587715,0.236142785,-0.297308703,0.158602591,0.213587715,0.277747821,-0.175240804,0.373250669,-0.297308703,0,0.510896418,0.213587715,-0.297308703,0.213587715,-0.157470429,0.332408675,-0.314940857
66,7,Menezes,2020,16,Rat,Wistar,NA,Male,3,NA,Adolescent,"Mixed adolescent and adult (21 - 80), but mostly adolescence",Early postnatal,PND 1-10,Adult,PND 81,Objects,objects,No exercise,Non-social,MS,NA,Chronic,NA,Stress first,Memory,Conditioning,Aversive,Inhibitory avoidance,latency to step onto platform after 24h,sec,no,Only used test section,1,Fig. 3b,10,149.33,NA,170.16,53.81,NA,NA,10,80.72,NA,93.57,29.59,NA,NA,10,20.18,NA,21.28,6.73,NA,NA,10,83.41,NA,85.07,26.9,NA,NA,"CC = control, EC = EE, CS = MD, ES = MD + EE",1,NA,3,NA,NA,NA,NA,NA,NA,-0.032253125,0.161709805,-0.797855877,0.161709805,2.034248437,0.479435311,-0.025249726,0.103187743,-0.593509366,0.103187743,1.237518184,0.400007969,-0.615172246,0.264216354,-2.001466607,0.241042693,-0.582390416,0.233863628,1.419076191,0.215218957,0.03278183,0.238392618,-0.032253125,-0.797855877,2.034248437,-0.615172246,-2.001466607,-0.582390416,1.419076191,0.03278183,-0.025249726,-0.593509366,1.237518184
67,7,Menezes,2020,17,Rat,Wistar,NA,Male,3,NA,Adolescent,"Mixed adolescent and adult (21 - 80), but mostly adolescence",Early postnatal,PND 1-10,Adult,PND 81,Objects,objects,No exercise,Non-social,MS,NA,Chronic,NA,Stress first,Learning,Conditioning,Aversive,Morris water maze - cognitive flexibility,latency to enter target quadrant,sec,no,Only used 8th training session,2,Fig. 1a,9,13.82,NA,5.46,1.82,NA,NA,9,6.55,NA,3.27,1.09,NA,NA,9,22.18,NA,4.38,1.46,NA,NA,9,10.55,NA,4.35,1.45,NA,NA,"CC = control, EC = EE, CS = MD, ES = MD + EE",1,NA,3,NA,NA,NA,NA,NA,NA,-0.744440475,0.015453994,0.474228858,0.015453994,0.003586647,0.068259025,-2.131665414,20.55909957,1.394041509,20.55909957,-0.98349854,0.50755552,-0.746651769,0.045036123,0.473074164,0.021676038,-0.269990958,0.036233061,-0.743065122,0.023222902,0.47666081,0.046582987,0.744440475,-0.474228858,-0.003586647,0.746651769,-0.473074164,0.269990958,0.743065122,-0.47666081,2.131665414,-1.394041509,0.98349854
68,7,Menezes,2020,18,Rat,Wistar,NA,Male,3,NA,Adolescent,"Mixed adolescent and adult (21 - 80), but mostly adolescence",Early postnatal,PND 1-10,Adult,PND 81,Objects,objects,No exercise,Non-social,MS,NA,Chronic,NA,Stress first,Learning,Conditioning,Aversive,Morris water maze - cognitive flexibility,escape latency to reversed quadrant,sec,no,Only used blac bars (reversed quadrant),2,Fig. 1b,9,17.45,NA,12,4,NA,NA,9,11.64,NA,13.08,4.36,NA,NA,9,32,NA,10.92,3.64,NA,NA,9,12,NA,9.81,3.27,NA,NA,"CC = control, EC = EE, CS = MD, ES = MD + EE",1,NA,3,NA,NA,NA,NA,NA,NA,-0.738021866,0.065110909,0.413795161,0.065110909,-0.575937047,0.280043057,-1.120513542,5.761088805,0.647301702,5.761088805,-1.232087343,0.461882647,-0.404892206,0.192847744,0.606396254,0.065483787,-0.374432999,0.126800975,-0.980829253,0.087195313,0.030459207,0.21455927,0.738021866,-0.413795161,0.575937047,0.404892206,-0.606396254,0.374432999,0.980829253,-0.030459207,1.120513542,-0.647301702,1.232087343
30,8,Mitra,2009,20,Rat,Wistar,NA,Male,3,NA,Adult,10 weeks,Adult,10 weeks,Adult,10 weeks,Combination,"objects, food, nesting, cage complexity and size",No exercise,Non-social,Restraint,NA,Chronic,NA,Concurrently,Learning,Conditioning,Aversive,context-dependent conditioning,percent of time freezing de to auditory context,percent,yes,NA,1,Fig. 2 a,11,48.28,NA,27.6,8.14,NA,NA,11,40.93,NA,29.64,8.74,NA,NA,11,35.96,NA,28.96,8.54,NA,NA,11,36.56,NA,11.43,3.37,NA,NA,"CC = control non-enriched, EC = enriched control…",3,NA,3,NA,NA,NA,NA,Other responses but graphs are unreadable and only test stats and P values presented,NA,-0.049205024,0.012359422,-0.123562734,0.012359422,0.110949878,0.049678251,-0.129869588,0.183936653,-0.325777486,0.183936653,0.307579139,0.348009414,-0.101292968,0.027629967,-0.177767345,0.030382058,-0.168110434,0.014142373,0.009656911,0.022048285,-0.066817467,0.019296193,-0.049205024,-0.123562734,0.110949878,-0.101292968,-0.177767345,-0.168110434,0.009656911,-0.066817467,-0.129869588,-0.325777486,0.307579139
31,8,Mitra,2009,21,Rat,Wistar,NA,Male,3,NA,Adult,10 weeks,Adult,10 weeks,Adult,10 weeks,Combination,"objects, food, nesting, cage complexity and size",No exercise,Non-social,Restraint,NA,Chronic,NA,Concurrently,Learning,Conditioning,Aversive,context-dependent conditioning,percent of time freezing due to training context,percent,yes,NA,1,Fig. 2 b,11,14.5,NA,16.18,4.77,NA,NA,11,19.67,NA,14.82,4.37,NA,NA,11,18.87,NA,11.97,3.53,NA,NA,11,27.22,NA,10.17,3,NA,NA,"CC = control non-enriched, EC = enriched control…",3,NA,3,NA,NA,NA,NA,Other responses but graphs are unreadable and only test stats and P values presented,NA,0.182683255,0.013476867,0.16057345,0.013476867,0.037678857,0.058234864,0.478149906,1.401563685,0.420545313,1.401563685,0.174067702,0.350311167,0.162350487,0.044391851,0.140031969,0.040156604,0.340061312,0.033848306,0.200029344,0.013843013,0.177710826,0.018078261,0.182683255,0.16057345,0.037678857,0.162350487,0.140031969,0.340061312,0.200029344,0.177710826,0.478149906,0.420545313,0.174067702
32,8,Mitra,2009,22,Rat,Wistar,NA,Male,3,NA,Adult,10 weeks,Adult,10 weeks,Adult,10 weeks,Combination,"objects, food, nesting, cage complexity and size",No exercise,Non-social,Restraint,NA,Chronic,NA,Concurrently,Memory,Conditioning,Aversive,Renewal of conditioned fear,percent of time freezing,percent,yes,NA,1,Fig. 4,10,45.57,NA,22.04,6.97,NA,NA,6,54.81,NA,32.97,13.46,NA,NA,12,14.27,NA,16.28,4.7,NA,NA,12,35.35,NA,21.34,6.16,NA,NA,"CC = control non-enriched, EC = enriched control…",3,NA,3,NA,NA,NA,NA,Other responses but graphs are unreadable and only test stats and P values presented,NA,0.264647767,0.017769154,-0.43020613,0.017769154,0.379272725,0.07555121,0.702258699,2.574169732,-1.130845236,2.574169732,0.644222563,0.439497924,0.117666274,0.035232918,-0.648668877,0.038994201,-0.151729878,0.019155781,0.496938999,0.040318292,-0.269396152,0.036557009,0.264647767,-0.43020613,0.379272725,0.117666274,-0.648668877,-0.151729878,0.496938999,-0.269396152,0.702258699,-1.130845236,0.644222563
33,9,Mohammadian,2019,25,Rat,Wistar,NA,Male,3,NA,Adolescent,adolescence,Early postnatal,NA,Adult,NA,Combination,"objects, wheel, size",Exercise,Non-social,MS,NA,Chronic,NA,Enrichment first,Memory,Conditioning,Aversive,Morris water maze,Percent time in correct zone,percent,yes,Only took target zone,1,Fig. 4a,15,10.05,NA,1.72,0.44,NA,NA,15,13.64,NA,3.4,0.87,NA,NA,15,8.22,NA,3.4,0.87,NA,NA,15,11.1,NA,3.44,0.88,NA,NA,"CC = NO MS/SE, EC = No MS/EE, CS = MS/SE, ES = MS/EE",3,NA,1,NA,NA,NA,NA,N calculated from df (61/4)s,N calculated from DF (((1+1)+ 55) +1) /4,0.157420925,0.001503797,-0.10588622,0.001503797,-0.003919993,0.006314558,1.040518774,8.321003572,-0.700675562,8.321003572,-0.135805394,0.271169503,0.1592774,0.00163983,-0.10377237,0.003486271,0.051585038,0.002219572,0.155357407,0.004674728,-0.107692363,0.002828287,0.157420925,-0.10588622,-0.003919993,0.1592774,-0.10377237,0.051585038,0.155357407,-0.107692363,1.040518774,-0.700675562,-0.135805394
34,9,Mohammadian,2019,26,Rat,Wistar,NA,Female,3,NA,Adolescent,adolescence,Early postnatal,NA,Adult,NA,Combination,"objects, wheel, size",Exercise,Non-social,MS,NA,Chronic,NA,Enrichment first,Memory,Conditioning,Aversive,Morris water maze,Percent time in correct zone,percent,yes,Only took target zone,1,Fig. 4b,15,9.6,NA,2.54,0.65,NA,NA,15,9.95,NA,1.37,0.35,NA,NA,15,7.15,NA,2.93,0.75,NA,NA,15,8.7,NA,2.54,0.65,NA,NA,"CC = NO MS/SE, EC = No MS/EE, CS = MS/SE, ES = MS/EE",3,NA,1,NA,NA,NA,NA,N calculated from df (61/4)s,N calculated from DF (((1+1)+ 55) +1) /4,0.057419727,0.001408455,-0.109292611,0.001408455,0.08231584,0.005939971,0.395882452,1.260586006,-0.752979639,1.260586006,0.522186215,0.263579696,0.018533571,0.001561482,-0.151678382,0.004121238,-0.050828971,0.002713331,0.100849411,0.004378489,-0.069362542,0.001818734,0.057419727,-0.109292611,0.08231584,0.018533571,-0.151678382,-0.050828971,0.100849411,-0.069362542,0.395882452,-0.752979639,0.522186215
69,9,Mohammadian,2019,23,Rat,Wistar,NA,Male,3,NA,Adolescent,adolescence,Early postnatal,NA,Adult,NA,Combination,"objects, wheel, size",Exercise,Non-social,MS,NA,Chronic,NA,Enrichment first,Learning,Conditioning,Aversive,Morris water maze,escape latency,sec,no,Day 5,2,Fig. 2a,15,17.33,NA,13.04,3.34,NA,NA,15,14.33,NA,13.04,3.34,NA,NA,15,18.33,NA,15.62,4,NA,NA,15,8.67,NA,7.81,2,NA,NA,"CC = NO MS/SE, EC = No MS/EE, CS = MS/SE, ES = MS/EE",3,NA,1,NA,Figure 2 is very hard to read - need raw/descriptive data.,NA,NA,N calculated from df (61/4)s,N calculated from DF (((1+1)+ 55) +1) /4,-0.438535397,0.049988829,-0.159217188,0.049988829,-0.558586409,0.192253671,-0.4984624,1.960117596,-0.183478261,1.960117596,-0.524448591,0.264331678,-0.190083862,0.091426,0.056099958,0.084744436,-0.692570313,0.090336954,-0.748670271,0.100827671,-0.502486451,0.107509235,0.438535397,0.159217188,0.558586409,0.190083862,-0.056099958,0.692570313,0.748670271,0.502486451,0.4984624,0.183478261,0.524448591
70,9,Mohammadian,2019,24,Rat,Wistar,NA,Female,3,NA,Adolescent,adolescence,Early postnatal,NA,Adult,NA,Combination,"objects, wheel, size",Exercise,Non-social,MS,NA,Chronic,NA,Enrichment first,Learning,Conditioning,Aversive,Morris water maze,escape latency,sec,no,Day 5,2,Fig. 2b,15,11.93,NA,6.48,1.66,NA,NA,15,10.61,NA,11.72,3,NA,NA,15,21.22,NA,16.79,4.3,NA,NA,15,11.93,NA,12.97,3.32,NA,NA,"CC = NO MS/SE, EC = No MS/EE, CS = MS/SE, ES = MS/EE",3,NA,1,NA,Figure 2 is very hard to read - need raw/descriptive data.,NA,NA,N calculated from df (61/4)s,N calculated from DF (((1+1)+ 55) +1) /4,-0.385751208,0.058767949,0.385751208,0.058767949,-0.458628614,0.217915788,-0.422889162,1.429192499,0.422889162,1.429192499,-0.635330183,0.263760945,-0.117259283,0.099358266,0.575887897,0.060398972,0,0.096851272,-0.575887897,0.118557522,0.117259283,0.157516816,0.385751208,-0.385751208,0.458628614,0.117259283,-0.575887897,0,0.575887897,-0.117259283,0.422889162,-0.422889162,0.635330183
3,10,Molina,2016,27,Rat,Wistar,NA,Male,3,NA,Early postnatal,NA,Early postnatal,NA,Adolescent,PND28,Combination,"Objects, wheel, food, size",Exercise,Non-social,Noise,NA,Acute,NA,Concurrently,Learning,Habituation,Not applicable,Open field habituation,Number of lines corssed,count,no,PND7 - Took difference between white and black bars. SD calculated as SD^2[1] + SD^2[2] - 2*0.5SD[1]SD[2] where 0.5 = correlation,1,Fig. 2,6,84.69,NA,25.96057,"7.12, 12.18",NA,NA,6,60.35,NA,24.42977,"9.12, 10.65",NA,NA,6,54.76,NA,8.676485,"1.53, 4.05",NA,NA,6,43.61,NA,23.00663,"3.55, 10.65",NA,NA,"CC = ct7d, EC = ctEE7d, CS = Noise7d, ES = NoiseEE7d",3,NA,1,NA,NA,NA,NA,Need to double check response direction,NA,-0.293699904,0.023787403,-0.388273687,0.023787403,0.111163065,0.093541181,-0.819529678,2.181553347,-1.077696536,2.181553347,0.609162945,0.680658935,-0.338836583,0.042971471,-0.436037531,0.019844935,-0.663711049,0.062046301,-0.227673519,0.050569709,-0.324874466,0.073696245,-0.293699904,-0.388273687,0.111163065,-0.338836583,-0.436037531,-0.663711049,-0.227673519,-0.324874466,-0.819529678,-1.077696536,0.609162945
4,10,Molina,2016,28,Rat,Wistar,NA,Male,3,NA,Early postnatal,NA,Early postnatal,NA,Adolescent,PND28,Combination,"Objects, wheel, food, size",Exercise,Non-social,Noise,NA,Acute,NA,Concurrently,Learning,Habituation,Not applicable,Open field habituation,Number of lines corssed,count,no,PND15 -  Took difference between white and black bars. SD calculated as SD^2[1] + SD^2[2] - 2*0.5SD[1]SD[2] where 0.5 = correlation,1,Fig. 2,6,53.25,NA,35.20955,"16.22, 11.16",NA,NA,6,75.05,NA,49.62575,"21.8, 3.55",NA,NA,6,23.83,NA,18.79841,"6.09, 8.62",NA,NA,6,45.13,NA,20.88588,"9.63, 3.04",NA,NA,"CC = ct15d, EC = ctEE15d, CS = Noise15d, ES = NoiseEE15d",3,NA,1,NA,NA,NA,NA,Need to double check response direction,NA,0.444146775,0.078141647,-0.620844645,0.078141647,0.295445169,0.285150723,0.643066755,1.407271223,-0.885373115,1.407271223,-0.014920342,0.675281976,0.343156753,0.14573907,-0.804052513,0.176582248,-0.165450591,0.108563266,0.638601923,0.139411653,-0.508607344,0.108568476,0.444146775,-0.620844645,0.295445169,0.343156753,-0.804052513,-0.165450591,0.638601923,-0.508607344,0.643066755,-0.885373115,-0.014920342
12,22,Molina,2019,63,Rat,Wistar,NA,Male,3,NA,Adolescent,PND 21,Early postnatal,PND 7,Adolescent,PND 28,Combination,"objects, wheel, complexity",Exercise,Social,Noise,NA,Acute,noise for one day,Stress first,Learning,Habituation,Not applicable,Open field habituation,Number of lines crossed,count,no,Took difference between white and black bars. SD calculated as SD^2[1] + SD^2[2] - 2*0.5SD[1]SD[2] where 0.5 = correlation,1,Fig. 3a,7,60.82,NA,23.37073,"9.36,  8.19",NA,NA,7,63.15,NA,32.75501,"14.04, 9.35",NA,NA,7,31.58,NA,24.55,"3.5, 10.52",NA,NA,7,35.09,NA,25.338,"8.19, 10.53",NA,NA,"CC = Sham/st, EC = Sham/EE, CS = Noise/st, ES = Noise/EE",3,NA,3,only mentioned that stress treatment was random,NA,NA,NA,NA,NA,0.061286486,0.044608042,-0.620284524,0.044608042,0.067798014,0.220347981,0.109129364,0.184539406,-1.070738448,0.184539406,0.044100222,0.571641236,0.037594167,0.059527314,-0.655394673,0.107427514,-0.550002493,0.095580642,0.105392181,0.160820667,-0.587596659,0.112920467,0.061286486,-0.620284524,0.067798014,0.037594167,-0.655394673,-0.550002493,0.105392181,-0.587596659,0.109129364,-1.070738448,0.044100222
13,22,Molina,2019,64,Rat,Wistar,NA,Male,3,NA,Adolescent,PND 21,Early postnatal,PND 7,Adolescent,PND 28,Combination,"objects, wheel, complexity",Exercise,Social,Noise,NA,Acute,noise for 5 days,Stress first,Learning,Habituation,Not applicable,Open field habituation,Number of lines crossed,count,no,Took difference between white and black bars. SD calculated as SD^2[1] + SD^2[2] - 2*0.5SD[1]SD[2] where 0.5 = correlation,1,Fig. 3b,7,38.59,NA,31.39925,"10.53, 12.86",NA,NA,7,50.29,NA,23.37073,"9.36, 8.19",NA,NA,7,42.1,NA,24.15484,"5.85, 10.52",NA,NA,7,54.97,NA,25.338,"10.53, 8.19",NA,NA,"CC = Sham/st, EC = Sham/EE, CS = Noise/st, ES = Noise/EE",3,NA,3,only mentioned that stress treatment was random,NA,NA,NA,NA,NA,0.265818828,0.049754294,0.088145222,0.049754294,0.001926767,0.202809595,0.467887596,0.909072953,0.155962532,0.909072953,0.044560723,0.575337836,0.264813075,0.125430174,0.087054565,0.141605053,0.353794406,0.124930728,0.266739841,0.07737942,0.088981332,0.061204542,0.265818828,0.088145222,0.001926767,0.264813075,0.087054565,0.353794406,0.266739841,0.088981332,0.467887596,0.155962532,0.044560723
14,22,Molina,2019,65,Rat,Wistar,NA,Male,3,NA,Adolescent,PND 21,Early postnatal,PND 15,Adolescent,PND 28,Combination,"objects, wheel, complexity",Exercise,Social,Noise,NA,Acute,noise for one day,Stress first,Learning,Habituation,Not applicable,Open field habituation,Number of lines crossed,count,no,Took difference between white and black bars. SD calculated as SD^2[1] + SD^2[2] - 2*0.5SD[1]SD[2] where 0.5 = correlation,1,Fig. 4a,7,52.55,NA,47.47686,"20.7,  11.15",NA,NA,7,92.35,NA,36.74032,"15.93, 9.55",NA,NA,7,15.92,NA,19.30371,"6.37, 7.96",NA,NA,7,41.4,NA,19.30371,"7.96,  6.37",NA,NA,"CC = Sham/st, EC = Sham/EE, CS = Noise/st, ES = Noise/EE",3,NA,3,only mentioned that stress treatment was random,NA,NA,NA,NA,NA,0.669576693,0.09379571,-0.927394246,0.09379571,0.391884091,0.380313034,0.98986727,3.572287385,-1.328011267,3.572287385,-0.434280003,0.588925664,0.563820609,0.139216593,-1.194188917,0.326643664,-0.238484216,0.147664561,0.9557047,0.241096441,-0.802304826,0.053669371,0.669576693,-0.927394246,0.391884091,0.563820609,-1.194188917,-0.238484216,0.9557047,-0.802304826,0.98986727,-1.328011267,-0.434280003
15,22,Molina,2019,66,Rat,Wistar,NA,Male,3,NA,Adolescent,PND 21,Early postnatal,PND15,Adolescent,PND 28,Combination,"objects, wheel, complexity",Exercise,Social,Noise,NA,Acute,noise for 5 days,Stress first,Learning,Habituation,Not applicable,Open field habituation,Number of lines crossed,count,no,Took difference between white and black bars. SD calculated as SD^2[1] + SD^2[2] - 2*0.5SD[1]SD[2] where 0.5 = correlation,1,Fig. 4b,7,55.74,NA,55.72501,"23.88, 15.93",NA,NA,7,41.4,NA,29.19101,"12.74 , 6.37",NA,NA,7,76.43,NA,55.72,"23.88, 15.92",NA,NA,7,55.73,NA,29.19101,"12.74, 6.37",NA,NA,"CC = Sham/st, EC = Sham/EE, CS = Noise/st, ES = Noise/EE",3,NA,3,only mentioned that stress treatment was random,NA,NA,NA,NA,NA,-0.308038685,0.076590225,0.307860073,0.076590225,-0.018439546,0.328924666,-0.39387634,0.685842142,0.393651525,0.685842142,-0.142982507,0.574198903,-0.297417141,0.2138034,0.315677267,0.218707355,-0.00017942,0.181974545,-0.315856688,0.115121266,0.297237721,0.110217311,-0.308038685,0.307860073,-0.018439546,-0.297417141,0.315677267,-0.00017942,-0.315856688,0.297237721,-0.39387634,0.393651525,-0.142982507
38,22,Molina,2019,67,Rat,Wistar,NA,Male,3,NA,Adolescent,PND 21,Early postnatal,PND 7,Adolescent,PND 28,Combination,"objects, wheel, complexity",Exercise,Social,Noise,NA,Acute,noise for one day,Stress first,Memory,Conditioning,Aversive,Inhibitory avoidance,Ratio of memory assay vs learning assay,percent,yes,NA,1,Fig. 7a,7,36.67,NA,16.38,6.19,NA,NA,7,64.29,NA,11.32,4.28,NA,NA,7,60.48,NA,17.62,6.66,NA,NA,7,78.57,NA,22.67,8.57,NA,NA,"CC = Sham/st, EC = Sham/EE, CS = Noise/st, ES = Noise/EE",3,NA,3,only mentioned that stress treatment was random,NA,NA,NA,NA,NA,0.270287656,0.006849608,0.225419966,0.006849608,-0.156683482,0.027082583,1.228552852,5.425554532,1.026500519,5.425554532,-0.417739856,0.598381109,0.357837686,0.012055369,0.314633636,0.015595837,0.51578784,0.018935647,0.201154204,0.015027214,0.157950154,0.011486746,0.270287656,0.225419966,-0.156683482,0.357837686,0.314633636,0.51578784,0.201154204,0.157950154,1.228552852,1.026500519,-0.417739856
39,22,Molina,2019,68,Rat,Wistar,NA,Male,3,NA,Adolescent,PND 21,Early postnatal,PND 7,Adolescent,PND 28,Combination,"objects, wheel, complexity",Exercise,Social,Noise,NA,Acute,noise for 5 days,Stress first,Memory,Conditioning,Aversive,Inhibitory avoidance,Ratio of memory assay vs learning assay,percent,yes,NA,1,Fig. 7a,7,23.33,NA,26.46,10,NA,NA,7,61.43,NA,11.32,4.28,NA,NA,7,20.48,NA,20.16,7.62,NA,NA,7,55.24,NA,11.32,4.28,NA,NA,"CC = Sham/st, EC = Sham/EE, CS = Noise/st, ES = Noise/EE",3,NA,3,only mentioned that stress treatment was random,NA,NA,NA,NA,NA,0.579727417,0.02539612,-0.071772169,0.02539612,-0.001469664,0.100443142,1.770141218,11.1097569,-0.225156292,11.1097569,-0.131232568,0.627382142,0.580435967,0.057393679,-0.070830116,0.095425912,0.508136186,0.057649262,0.578966302,0.043049463,-0.072299781,0.005017229,0.579727417,-0.071772169,-0.001469664,0.580435967,-0.070830116,0.508136186,0.578966302,-0.072299781,1.770141218,-0.225156292,-0.131232568
40,22,Molina,2019,69,Rat,Wistar,NA,Male,3,NA,Adolescent,PND 21,Early postnatal,PND 15,Adolescent,PND 28,Combination,"objects, wheel, complexity",Exercise,Social,Noise,NA,Acute,noise for one day,Stress first,Memory,Conditioning,Aversive,Inhibitory avoidance,Ratio of memory assay vs learning assay,percent,yes,NA,1,Fig. 7b,7,40.48,NA,3.76,1.42,NA,NA,7,56.19,NA,6.3,2.38,NA,NA,7,37.14,NA,15.13,5.72,NA,NA,7,67.62,NA,25.19,9.52,NA,NA,"CC = Sham/st, EC = Sham/EE, CS = Noise/st, ES = Noise/EE",3,NA,3,only mentioned that stress treatment was random,NA,NA,NA,NA,NA,0.298583676,0.005376098,0.053042417,0.005376098,0.181352145,0.020500352,1.461973133,7.623636189,0.261580087,7.623636189,0.951493154,0.609595811,0.206109442,0.001242439,-0.050982477,0.00859474,0.33647911,0.011544492,0.387461587,0.019257913,0.130369668,0.011905612,0.298583676,0.053042417,0.181352145,0.206109442,-0.050982477,0.33647911,0.387461587,0.130369668,1.461973133,0.261580087,0.951493154
41,22,Molina,2019,70,Rat,Wistar,NA,Male,3,NA,Adolescent,PND 21,Early postnatal,PND15,Adolescent,PND 28,Combination,"objects, wheel, complexity",Exercise,Social,Noise,NA,Acute,noise for 5 days,Stress first,Memory,Conditioning,Aversive,Inhibitory avoidance,Ratio of memory assay vs learning assay,percent,yes,NA,1,Fig. 7b,7,45.71,NA,27.73,10.48,NA,NA,7,53.81,NA,13.86,5.24,NA,NA,7,50,NA,18.89,7.14,NA,NA,7,63.33,NA,12.62,4.77,NA,NA,"CC = Sham/st, EC = Sham/EE, CS = Noise/st, ES = Noise/EE",3,NA,3,only mentioned that stress treatment was random,NA,NA,NA,NA,NA,0.132246701,0.008637673,0.085479946,0.008637673,0.054884531,0.035301815,0.558480739,1.234509717,0.361289692,1.234509717,0.278395681,0.576998227,0.103656941,0.024146196,0.056241535,0.028340127,0.214783007,0.022967906,0.158541472,0.01115562,0.111126066,0.006961688,0.132246701,0.085479946,0.054884531,0.103656941,0.056241535,0.214783007,0.158541472,0.111126066,0.558480739,0.361289692,0.278395681
57,10,Molina,2016,29,Rat,Wistar,NA,Male,3,NA,Early postnatal,NA,Early postnatal,NA,Adolescent,PND28,Combination,"Objects, wheel, food, size",Exercise,Non-social,Noise,NA,Acute,NA,Concurrently,Memory,Conditioning,Appetitive,Inhibitory avoidance,Ratio of memory assay vs learning assay,ratio,yes,PND7,1,Fig. 6,6,33.25,NA,15.92,6.5,NA,NA,6,35.5,NA,10.41,4.25,NA,NA,6,38.5,NA,17.76,7.25,NA,NA,6,87.75,NA,230.86,94.25,NA,NA,"CC = ct7d, EC = ctEE7d, CS = Noise7d, ES = NoiseEE7d",3,NA,1,NA,NA,NA,NA,NA,NA,0.366056448,0.60945855,0.407200456,0.60945855,0.556896462,1.433350165,0.160728881,0.244167986,0.178329223,0.244167986,0.294623095,0.66720487,0.037820085,0.017436905,0.085356613,0.024985137,0.68007316,1.416121312,0.594716547,1.41591326,0.642253074,1.408365028,0.366056448,0.407200456,0.556896462,0.037820085,0.085356613,0.68007316,0.594716547,0.642253074,0.160728881,0.178329223,0.294623095
58,10,Molina,2016,30,Rat,Wistar,NA,Male,3,NA,Early postnatal,NA,Early postnatal,NA,Adolescent,PND28,Combination,"Objects, wheel, food, size",Exercise,Non-social,Noise,NA,Acute,NA,Concurrently,Memory,Conditioning,Appetitive,Inhibitory avoidance,Ratio of memory assay vs learning assay,ratio,yes,PND15,1,Fig. 6,6,35.25,NA,7.96,3.25,NA,NA,6,45.5,NA,28.78,11.75,NA,NA,6,55.75,NA,17.76,7.25,NA,NA,6,31,NA,13.47,5.5,NA,NA,"CC = ct15d, EC = ctEE15d, CS = Noise15d, ES = NoiseEE15d",3,NA,1,NA,NA,NA,NA,NA,NA,-0.105352441,0.012819023,0.04095066,0.012819023,-0.508453288,0.045887167,-0.390162708,0.623347484,0.151775896,0.623347484,-1.885083743,0.669838061,0.152425549,0.028254917,0.282317204,0.010358636,-0.073710535,0.0129987,-0.356027739,0.01763225,-0.226136084,0.035528531,-0.105352441,0.04095066,-0.508453288,0.152425549,0.282317204,-0.073710535,-0.356027739,-0.226136084,-0.390162708,0.151775896,-1.885083743
90,30,Monteiro,2014,94,Mouse,Swiss,NA,Male,5,NA,Adolescent,NA,Adolescent,NA,Adolescent,NA,Objects,NA,No exercise,Social,Density,Housed in isolation,Chronic,NA,Concurrently,Memory,Recognition,Not applicable,Social recognition,Social investigation,sec,no,Took difference between TR and TT. SD calculated as SD^2[1] + SD^2[2] - 2*0.5SD[1]SD[2] where 0.5 = correlation,1,Fig. 1d,4,22.2,NA,19.05247,"10.34, 8. 42",NA,NA,4,47.09,NA,30.8322,"17.6, 11.11",NA,NA,4,1.91,NA,23.12236,"10.72, 12.25",NA,NA,4,17.23,NA,18.09993,"8.42, 9.57",NA,NA,"CC = GH, EC = GH + EE, CS = SI, ES = SI + EE",3,NA,3,NA,NA,NA,NA,N calculated from df ((1 + 15) + 1)/4,NA,0.981243933,0.463296554,-1.28652021,0.463296554,1.447580433,37.20568368,0.862020084,1.736157251,-1.075113336,1.736157251,-0.410322418,1.023221207,0.751968375,0.291309669,-2.452989047,36.82262721,-0.253440238,0.460017044,2.199548808,36.91437401,-1.005408614,0.38305647,0.981243933,-1.28652021,1.447580433,0.751968375,-2.452989047,-0.253440238,2.199548808,-1.005408614,0.862020084,-1.075113336,-0.410322418
71,11,Nawaz,2018,31,Rat,Wistar,NA,Male,3,NA,Adult,NA,Adult,NA,Adult,NA,Combination,"Shelter, toys, pipes, wheel",Exercise,Non-social,Restraint,NA,Chronic,NA,Stress first,Memory,Conditioning,Aversive,Morris water maze,Short term memory escape latency,sec,no,Only used 'after restraint stress',2,Fig. 1,6,28.95,NA,3.95,NA,NA,NA,6,21.81,NA,3.2,NA,NA,NA,6,49.03,NA,5.06,NA,NA,NA,6,36.96,NA,2.96,NA,NA,NA,"CC = control, EC = EE, CS = stress, ES = EE + stress",3,NA,3,NA,NA,NA,NA,NA,NA,-0.282820863,0.002046301,0.527122368,0.002046301,0.000605515,0.009534708,-2.475718981,18.55422009,4.540321692,18.55422009,-1.270723017,0.79435801,-0.283201624,0.006690619,0.526862152,0.004877856,0.244266043,0.00417172,-0.282596109,0.00284409,0.527467667,0.004656852,0.282820863,-0.527122368,-0.000605515,0.283201624,-0.526862152,-0.244266043,0.282596109,-0.527467667,2.475718981,-4.540321692,1.270723017
72,11,Nawaz,2018,32,Rat,Wistar,NA,Male,3,NA,Adult,NA,Adult,NA,Adult,NA,Combination,"Shelter, toys, pipes, wheel",Exercise,Non-social,Restraint,NA,Chronic,NA,Stress first,Memory,Conditioning,Aversive,Morris water maze,Long term memort escape latency,sec,no,Only used 'after restraint stress',2,Fig. 2,6,62.98,NA,4.81,NA,NA,NA,6,43.97,NA,7.1,NA,NA,NA,6,91.83,NA,5.04,NA,NA,NA,6,66.64,NA,5.04,NA,NA,NA,"CC = control, EC = EE, CS = stress, ES = EE + stress",3,NA,3,NA,NA,NA,NA,NA,NA,-0.336188058,0.001370295,0.393203865,0.001370295,0.038675589,0.006773144,-3.96369836,47.29938072,4.620129853,47.29938072,-1.108400718,0.993977181,-0.359309632,0.005317778,0.377121826,0.001474193,0.056487782,0.001925473,-0.320634044,0.001455365,0.415797415,0.00529895,0.336188058,-0.393203865,-0.038675589,0.359309632,-0.377121826,-0.056487782,0.320634044,-0.415797415,3.96369836,-4.620129853,1.108400718
54,12,Novaes,2021,33,Rat,Wistar,NA,Male,2,NA,Adult,NA,Adult,NA,Adult,NA,Objects,toys and tunnels etc,No exercise,Non-social,Restraint,NA,Acute,NA,Enrichment first,Learning,Conditioning,Aversive,Contextual fear conditioning,cued fear conditioning from foot shock,percent,yes,Taken from the 'test' day on day 6,1,Fig. 2a,14,12.47,NA,7.45,1.99,NA,NA,14,19.63,NA,14.89,3.98,NA,NA,14,31.83,NA,8.94,2.39,NA,NA,14,19.63,NA,14.89,3.98,NA,NA,"CC = CS, EC = EE, CS = CS-str, ES EE-str",1,NA,3,Only states EE was random,NA,NA,NA,NA,NA,-0.045090755,0.007653243,0.255351722,0.007653243,-0.507359294,0.032623559,-0.139453644,0.207559803,0.785604256,0.207559803,-1.571208512,0.285887922,0.24042627,0.018882042,0.507359294,0.008801481,0.24042627,0.018882042,-0.266933025,0.013741517,0,0.023822078,-0.045090755,0.255351722,-0.507359294,0.24042627,0.507359294,0.24042627,-0.266933025,0,-0.139453644,0.785604256,-1.571208512
55,12,Novaes,2021,34,Rat,Wistar,NA,Male,2,NA,Adult,NA,Adult,NA,Adult,NA,Objects,toys and tunnels etc,No exercise,Non-social,Restraint,NA,Acute,NA,Enrichment first,Memory,Conditioning,Aversive,Contextual fear conditioning,extinction of aversive conditioning,percent,yes,NA,1,Fig. 2b,8,12.65,NA,5.12,1.81,NA,NA,8,17.35,NA,10.21,3.61,NA,NA,8,31.81,NA,6.14,2.17,NA,NA,8,19.52,NA,9.19,3.25,NA,NA,"CC = CS, EC = EE, CS = CS-str, ES EE-str",1,NA,3,Only states EE was random,NA,NA,NA,NA,NA,-0.081777399,0.006405469,0.286896207,0.006405469,-0.436386313,0.027449392,-0.369404329,0.670838232,1.287866279,0.670838232,-2.028678526,0.502132181,0.166787004,0.017914429,0.499504488,0.007119443,0.22990518,0.013629227,-0.269599309,0.009534962,0.063118175,0.020329949,-0.081777399,0.286896207,-0.436386313,0.166787004,0.499504488,0.22990518,-0.269599309,0.063118175,-0.369404329,1.287866279,-2.028678526
42,23,Rule,2021,71,Rat,Lister hooded rat,NA,Male,3,NA,Adolescent,PND 35,Adolescent,PND 25 -27,Adult,On the border (PND 57 - 66),Combination,"Bedding, objects",No exercise,Social,Combination,"swim, restraint, elevated platform",Acute,NA,Stress first,Memory,Conditioning,Aversive,Contextual fear conditioning,percent freezing,percent,yes,context recall,1,Fig. 2a,12,29.64,NA,19.36,5.59,NA,NA,12,30.88,NA,17.84,5.15,NA,NA,12,35.03,NA,16.49,4.76,NA,NA,12,31.71,NA,16.52,4.77,NA,NA,"CC = Con CH, EC = Con EE, CS = PPS SH, ES = PPS EE",1,NA,3,NA,NA,NA,NA,NA,NA,-0.018125208,0.008329862,0.055606551,0.008329862,-0.080377607,0.033788678,-0.057312602,0.10304174,0.175789571,0.10304174,-0.257101252,0.333367549,0.023173675,0.020245328,0.0954535,0.017501993,0.038249568,0.018635475,-0.057203932,0.01354335,0.015075893,0.016286684,-0.018125208,0.055606551,-0.080377607,0.023173675,0.0954535,0.038249568,-0.057203932,0.015075893,-0.057312602,0.175789571,-0.257101252
43,23,Rule,2021,72,Rat,Lister hooded rat,NA,Male,3,NA,Adolescent,PND 35,Adolescent,PND 25 -27,Adult,On the border (PND 57 - 66),Combination,"Bedding, objects",No exercise,Social,Combination,"swim, restraint, elevated platform",Acute,NA,Stress first,Memory,Conditioning,Aversive,Contextual fear conditioning,percent freezing,percent,yes,cue recall,1,Fig. 2b,12,34.67,NA,21.55,6.22,NA,NA,12,36.64,NA,20.37,5.88,NA,NA,12,53.97,NA,22.66,6.54,NA,NA,12,27.48,NA,15.87,4.58,NA,NA,"CC = Con CH, EC = Con EE, CS = PPS SH, ES = PPS EE",1,NA,3,NA,NA,NA,NA,NA,NA,-0.190877034,0.008453278,0.073197611,0.008453278,-0.434526927,0.034557582,-0.597123158,2.222669731,0.22957738,2.222669731,-1.388574152,0.337047459,0.032144142,0.019585578,0.27048632,0.017100936,-0.131896466,0.019423832,-0.402382786,0.014972004,-0.164040607,0.017456646,-0.190877034,0.073197611,-0.434526927,0.032144142,0.27048632,-0.131896466,-0.402382786,-0.164040607,-0.597123158,0.22957738,-1.388574152
16,24,Shilpa,2017,73,Rat,Wistar,NA,Male,3,NA,Adult,2 to 2.5months,Adult,2 to 2.5months,Adult,NA,Combination,"Bedding, objects",No exercise,Social,Restraint,NA,Chronic,NA,Concurrently,Learning,Conditioning,Appetitive,Radial arm maze,Number of errors,count,no,Trial 8,2,Fig. 5b,15,1,NA,0.62,0.16,NA,NA,15,0.58,NA,0.5,0.13,NA,NA,15,2.45,NA,1.39,0.36,NA,NA,15,0.86,NA,0.58,0.15,NA,NA,"CC = control, EC = EE, CS = CIS, ES = CIS + EE",3,NA,1,NA,NA,NA,NA,Cant see error bars on number of correct choices (Fig. 5a) but this should be highly negatively correlated with number of errors,NA,-0.873731117,0.031827746,0.739523342,0.031827746,-0.502183739,0.126952394,-1.179722927,10.50476305,1.015383415,10.50476305,-1.373408781,0.278264552,-0.544727175,0.07517086,0.896088025,0.047085503,-0.15082289,0.055949364,-1.046910914,0.051781534,0.393904286,0.07986689,0.873731117,-0.739523342,0.502183739,0.544727175,-0.896088025,0.15082289,1.046910914,-0.393904286,1.179722927,-1.015383415,1.373408781
17,24,Shilpa,2017,74,Rat,Wistar,NA,Male,3,NA,Adult,2 to 2.5months,Adult,2 to 2.5months,Adult,NA,Combination,"Bedding, objects",No exercise,Social,Restraint,NA,Chronic,NA,Concurrently,Memory,Conditioning,Appetitive,Radial arm maze,Number of errors,count,no,Trial 8,2,Fig. 5c,15,0.99,NA,0.66,0.17,NA,NA,15,0.6,NA,0.5,0.13,NA,NA,15,2.46,NA,0.89,0.23,NA,NA,15,0.87,NA,0.54,0.14,NA,NA,"CC = control, EC = EE, CS = CIS, ES = CIS + EE",3,NA,1,NA,NA,NA,NA,NA,NA,-0.85311183,0.023585514,0.739238288,0.023585514,-0.538648129,0.110335703,-1.488553511,16.68510334,1.308122783,16.68510334,-1.804307286,0.285131596,-0.500775288,0.075925926,0.910211686,0.038355697,-0.129211731,0.055313339,-1.039423417,0.034409777,0.371563556,0.071980006,0.85311183,-0.739238288,0.538648129,0.500775288,-0.910211686,0.129211731,1.039423417,-0.371563556,1.488553511,-1.308122783,1.804307286
73,13,Sun,2016,35,Rat,Sprague-Dawley,NA,Male,3,NA,Adult,NA,Adult,NA,Adult,NA,Combination,"objects, toys, running wheel",Exercise,Non-social,Shock,NA,Acute,shock,Concurrently,Memory,Conditioning,Aversive,Morris water maze,time in training quadrant,sec,no,NA,1,Fig. 3b,12,19.69,NA,1.8,0.52,NA,NA,12,21.77,NA,6.51,1.88,NA,NA,12,12.71,NA,1.8,0.52,NA,NA,12,20.31,NA,5.44,1.57,NA,NA,"CC = Con + SE, EC = Con + EE, CS = IFS +EE, ES = IFS + EE",1,NA,1,NA,NA,NA,NA,NA,NA,0.261414146,0.003901605,-0.227615669,0.003901605,0.368302308,0.0157982,1.092870346,7.249526897,-0.952874558,7.249526897,1.246414114,0.345774642,0.100421983,0.008148268,-0.437721807,0.002367792,0.031002483,0.006674983,0.46872429,0.007649932,-0.0694195,0.013430408,0.261414146,-0.227615669,0.368302308,0.100421983,-0.437721807,0.031002483,0.46872429,-0.0694195,1.092870346,-0.952874558,1.246414114
44,25,van der Veen,2015,75,Rat,Wistar,NA,Male,3,NA,Adolescent,PND 21,Early postnatal,NA,Adult,NA,Combination,"shelter, complexity, wheel, ladder",Exercise,Social,MS,NA,Chronic,NA,Stress first,Learning,Conditioning,Appetitive,5-choice task,Accuracy,percent,yes,NA,1,Table 1,8,94.71,NA,4.02,1.42,NA,NA,16,92.67,NA,4.16,1.04,NA,NA,8,94.63,NA,3,1.06,NA,NA,8,92.87,NA,4.84,1.21,NA,NA,"CC = No-MD standard, EC = No-MD Complex, CS = MS standard, ES = MD Complex",3,NA,3,NA,NA,NA,NA,NA,NA,-0.029787335,0.000359073,0.000789192,0.000359073,0.004304583,0.001435687,-0.463561855,1.383087562,0.012282613,1.383087562,0.066613773,0.377238433,-0.03194051,0.000799205,-0.001331045,0.000872082,-0.028966973,0.000889269,-0.027635928,0.000636481,0.002973537,0.000563605,-0.029787335,0.000789192,0.004304583,-0.03194051,-0.001331045,-0.028966973,-0.027635928,0.002973537,-0.463561855,0.012282613,0.066613773
45,25,van der Veen,2015,77,Rat,Wistar,NA,Male,3,NA,Adolescent,PND 21,Early postnatal,NA,Adult,NA,Combination,"shelter, complexity, wheel, ladder",Exercise,Social,MS,NA,Chronic,NA,Stress first,Memory,Conditioning,Appetitive,5-choice task,percent correct,percent,yes,second bar,1,Fig. 3a,8,93.78,NA,5.03,1.78,NA,NA,16,87.26,NA,5.92,1.48,NA,NA,8,92.89,NA,5.03,1.78,NA,NA,8,89.93,NA,3.52,0.88,NA,NA,"CC = No-MD standard, EC = No-MD Complex, CS = MS standard, ES = MD Complex",3,NA,3,NA,NA,NA,NA,NA,NA,-0.065434241,0.000489293,0.009545738,0.000489293,0.04791985,0.001962888,-0.984469343,5.908829321,0.143667402,5.908829321,0.710997005,0.385095624,-0.089517922,0.001118196,-0.013629124,0.001486823,-0.055227196,0.000916702,-0.041598072,0.000844693,0.034290726,0.000476065,-0.065434241,0.009545738,0.04791985,-0.089517922,-0.013629124,-0.055227196,-0.041598072,0.034290726,-0.984469343,0.143667402,0.710997005
46,25,van der Veen,2015,78,Rat,Wistar,NA,Male,3,NA,Adolescent,PND 21,Early postnatal,NA,Adult,NA,Combination,"shelter, complexity, wheel, ladder",Exercise,Social,MS,NA,Chronic,NA,Stress first,Memory,Conditioning,Appetitive,5-choice task,percent correct,percent,yes,second bar,1,Fig. 3c,8,92.94,NA,5.83,2.06,NA,NA,16,89.71,NA,7.04,1.76,NA,NA,8,88.24,NA,7.47,2.64,NA,NA,8,90.59,NA,4.68,1.17,NA,NA,"CC = No-MD standard, EC = No-MD Complex, CS = MS standard, ES = MD Complex",3,NA,3,NA,NA,NA,NA,NA,NA,-0.007707265,0.000716383,-0.026395669,0.000716383,0.076117133,0.00287785,-0.092481539,0.14506701,-0.316711895,0.14506701,0.915514271,0.375089092,-0.045266239,0.00149698,-0.064317095,0.002082706,-0.033466202,0.001208375,0.030850894,0.001380869,0.011800038,0.000795143,-0.007707265,-0.026395669,0.076117133,-0.045266239,-0.064317095,-0.033466202,0.030850894,0.011800038,-0.092481539,-0.316711895,0.915514271
47,25,van der Veen,2015,79,Rat,Wistar,NA,Male,3,NA,Adolescent,PND 21,Early postnatal,NA,Adult,NA,Combination,"shelter, complexity, wheel, ladder",Exercise,Social,MS,NA,Chronic,NA,Stress first,Memory,Conditioning,Appetitive,5-choice task,percent correct,percent,yes,second bar,1,Fig. 4a,8,73.14,NA,12.93,4.57,NA,NA,16,81.71,NA,8,2,NA,NA,8,80.57,NA,15.36,5.43,NA,NA,8,82,NA,21.72,5.43,NA,NA,"CC = No-MD standard, EC = No-MD Complex, CS = MS standard, ES = MD Complex",3,NA,3,NA,NA,NA,NA,NA,NA,0.055102954,0.002715945,0.04185296,0.002715945,-0.079268049,0.010737255,0.302101135,0.641340573,0.229482794,0.641340573,-0.421466971,0.375950678,0.095588102,0.00305153,0.082595392,0.006319375,0.098915446,0.006419283,0.016320053,0.007685725,0.003327344,0.00441788,0.055102954,0.04185296,-0.079268049,0.095588102,0.082595392,0.098915446,0.016320053,0.003327344,0.302101135,0.229482794,-0.421466971
48,25,van der Veen,2015,80,Rat,Wistar,NA,Male,3,NA,Adolescent,PND 21,Early postnatal,NA,Adult,NA,Combination,"shelter, complexity, wheel, ladder",Exercise,Social,MS,NA,Chronic,NA,Stress first,Memory,Conditioning,Appetitive,5-choice task,percent correct,percent,yes,second bar,1,Fig. 4c,8,89.06,NA,5.71,2.02,NA,NA,16,92.81,NA,2.28,0.57,NA,NA,8,91.37,NA,7.33,2.59,NA,NA,8,92.23,NA,6.92,1.73,NA,NA,"CC = No-MD standard, EC = No-MD Complex, CS = MS standard, ES = MD Complex",3,NA,3,NA,NA,NA,NA,NA,NA,0.031930469,0.000679561,0.010959182,0.000679561,-0.039596448,0.002702993,0.398701315,1.047526433,0.1368526,1.047526433,-0.48993766,0.376655862,0.051840314,0.000759182,0.031074556,0.002001823,0.043318422,0.001316155,0.012243866,0.001943811,-0.008521891,0.00070117,0.031930469,0.010959182,-0.039596448,0.051840314,0.031074556,0.043318422,0.012243866,-0.008521891,0.398701315,0.1368526,-0.48993766
85,25,van der Veen,2015,76,Rat,Wistar,NA,Male,3,NA,Adolescent,PND 21,Early postnatal,NA,Adult,NA,Combination,"shelter, complexity, wheel, ladder",Exercise,Social,MS,NA,Chronic,NA,Stress first,Learning,Conditioning,Appetitive,5-choice task,Latency to correct hole,sec,no,NA,2,Table 1,8,0.73,NA,0.11,0.04,NA,NA,16,0.61,NA,0.04,0.01,NA,NA,8,0.68,NA,0.08,0.03,NA,NA,8,0.66,NA,0.12,0.03,NA,NA,"CC = No-MD standard, EC = No-MD Complex, CS = MS standard, ES = MD Complex",3,NA,3,NA,NA,NA,NA,NA,NA,-0.104572804,0.001783172,1.67E-16,0.001783172,0.149732614,0.006903208,-0.76386596,3.594697226,1.21E-15,3.594697226,1.091237085,0.381078033,-0.179585577,0.003106989,-0.070951736,0.004568347,-0.100804699,0.004904359,-0.029852963,0.00379622,0.078780878,0.002334861,0.104572804,-1.67E-16,-0.149732614,0.179585577,0.070951736,0.100804699,0.029852963,-0.078780878,0.76386596,-1.21E-15,-1.091237085
18,26,Veena,2009,82,Rat,Wistar,NA,Male,3,NA,Adult,NA,Adult,NA,Adult,NA,Objects,toys/objects - replaced for novelty,No exercise,Social,Restraint,restrained for 6hr/day for 21 days,Chronic,NA,Stress first,Memory,Conditioning,Appetitive,Radial arm maze,number of errors,count,no,Taken from block 8 - did not take 'stress (no gap)' as this additional treatment wasn't clearly described,2,"Fig. 4 b, block 8",12,0.44,NA,0.24,0.07,NA,NA,13,0.54,NA,0.36,0.1,NA,NA,9,1.94,NA,0.6,0.2,NA,NA,9,0.71,NA,0.66,0.22,NA,NA,"CC = normal control, EC = EE, CS = stress, ES = stress + EE",3,NA,1,NA,NA,NA,NA,NA,NA,-0.643956936,0.045265354,0.994762347,0.045265354,-1.209972695,0.165622241,-1.206441541,7.918938568,1.782971127,7.918938568,-2.839942035,0.399403065,0.204794413,0.058981423,1.483668525,0.03542151,0.478490243,0.120806084,-1.005178282,0.106640818,0.27369583,0.13020073,0.643956936,-0.994762347,1.209972695,-0.204794413,-1.483668525,-0.478490243,1.005178282,-0.27369583,1.206441541,-1.782971127,2.839942035
19,26,Veena,2009,84,Rat,Wistar,NA,Male,3,NA,Adult,NA,Adult,NA,Adult,NA,Objects,toys/objects - replaced for novelty,No exercise,Social,Restraint,restrained for 6hr/day for 21 days,Chronic,NA,Stress first,Memory,Conditioning,Appetitive,Radial arm maze,number of errors,count,no,NA,2,Fig. 5b,12,1.02,NA,0.66,0.19,NA,NA,13,0.81,NA,0.69,0.19,NA,NA,9,2.48,NA,0.72,0.24,NA,NA,9,1.01,NA,0.63,0.21,NA,NA,"CC = normal control, EC = EE, CS = stress, ES = stress + EE",3,NA,1,NA,NA,NA,NA,NA,NA,-0.653926467,0.032035273,0.645585769,0.032035273,-0.667784571,0.143306079,-1.242424541,8.392570385,1.227633773,8.392570385,-1.863636811,0.400427688,-0.230523659,0.090709779,0.888455933,0.044255671,-0.009852296,0.078121483,-0.898308229,0.0525963,0.220671362,0.099050408,0.653926467,-0.645585769,0.667784571,0.230523659,-0.888455933,0.009852296,0.898308229,-0.220671362,1.242424541,-1.227633773,1.863636811
49,26,Veena,2009,81,Rat,Wistar,NA,Male,3,NA,Adult,NA,Adult,NA,Adult,NA,Objects,toys/objects - replaced for novelty,No exercise,Social,Restraint,restrained for 6hr/day for 21 days,Chronic,NA,Stress first,Learning,Conditioning,Appetitive,Radial arm maze,percent of animals to correctly choose the arm with 'bait',percent,yes,Taken from block 8 - did not take 'stress (no gap)' as this additional treatment wasn't clearly described,1,"Fig. 3 b, block 8",12,90.03,NA,4.05,1.17,NA,NA,13,89.44,NA,5.3,1.47,NA,NA,9,68.04,NA,10.53,3.51,NA,NA,9,86.51,NA,9.69,3.23,NA,NA,"CC = normal control, EC = EE, CS = stress, ES = stress + EE",3,NA,1,NA,NA,NA,NA,NA,NA,0.092468913,0.000838384,-0.139763955,0.000838384,0.216209095,0.003687214,1.058460731,6.117442426,-1.598370022,6.117442426,2.3083259,0.395505832,-0.007809912,0.000615903,-0.25327986,0.001749306,-0.044880677,0.001809659,0.208399183,0.003071311,-0.037070765,0.001937908,0.092468913,-0.139763955,0.216209095,-0.007809912,-0.25327986,-0.044880677,0.208399183,-0.037070765,1.058460731,-1.598370022,2.3083259
50,26,Veena,2009,83,Rat,Wistar,NA,Male,3,NA,Adult,NA,Adult,NA,Adult,NA,Objects,toys/objects - replaced for novelty,No exercise,Social,Restraint,restrained for 6hr/day for 21 days,Chronic,NA,Stress first,Memory,Conditioning,Appetitive,Radial arm maze,percent correct choice,percent,yes,NA,1,Fig. 5a,12,83.39,NA,7.66,2.21,NA,NA,13,89.4,NA,8.91,2.47,NA,NA,9,65.87,NA,11.67,3.89,NA,NA,9,84.45,NA,12.72,4.24,NA,NA,"CC = normal control, EC = EE, CS = stress, ES = stress + EE",3,NA,1,NA,NA,NA,NA,NA,NA,0.136451365,0.001453369,-0.123578017,0.001453369,0.13388523,0.006111812,1.116798218,6.799525308,-1.011716796,6.799525308,0.949683238,0.396981403,0.07379495,0.001715303,-0.195221796,0.002542926,0.012458384,0.003185861,0.20768018,0.004396509,-0.061336566,0.003568886,0.136451365,-0.123578017,0.13388523,0.07379495,-0.195221796,0.012458384,0.20768018,-0.061336566,1.116798218,-1.011716796,0.949683238
51,27,Vivinetto,2013,85,Rat,Wistar,NA,Male,3,NA,Adolescent,PND 21,Early postnatal,NA,Adult,PND 67-73,Combination,"toys, wheel",Exercise,Social,MS,NA,Chronic,NA,Stress first,Memory,Recognition,Not applicable,Novel object recognition,percent exploration,percent,yes,Object B,1,Fig. 2b,11,74.14,NA,10.85,3.27,NA,NA,13,68.62,NA,16.8,4.66,NA,NA,7,77.93,NA,7.3,2.76,NA,NA,7,70.86,NA,15.27,4.83,NA,NA,"CC = AFR NE, EC = AFR EE, CS = MS NE, ES = MS EE",3,NA,1,NA,NA,NA,NA,NA,NA,-0.069510679,0.00192471,0.033602154,0.00192471,-0.017261842,0.007707439,-0.470161997,1.235565383,0.227351101,1.235565383,-0.132426992,0.41338507,-0.060736054,0.003941952,0.041933846,0.002242522,-0.036064051,0.004116714,-0.077997897,0.003765488,0.024672004,0.005464917,-0.069510679,0.033602154,-0.017261842,-0.060736054,0.041933846,-0.036064051,-0.077997897,0.024672004,-0.470161997,0.227351101,-0.132426992
86,27,Vivinetto,2013,86,Rat,Wistar,NA,Male,3,NA,Adolescent,PND 21,Early postnatal,NA,Adult,PND 67-73,Combination,"toys, wheel",Exercise,Social,MS,NA,Chronic,NA,Stress first,Memory,Recognition,Not applicable,Novel object recognition,Latency to explore NO,sec,no,NA,2,Fig. 3b,11,266.92,NA,192.46,58.03,NA,NA,13,397.49,NA,191.78,53.19,NA,NA,7,159.57,NA,432.69,163.54,NA,NA,7,323.02,NA,189.61,59.96,NA,NA,"CC = AFR NE, EC = AFR EE, CS = MS NE, ES = MS EE",3,NA,1,NA,NA,NA,NA,NA,NA,0.524370375,0.177928768,-0.319731997,0.177928768,0.307010755,1.150022236,0.595008016,1.917099341,-0.367948974,1.917099341,0.133078454,0.415006805,0.398220789,0.065170024,-0.514466291,1.097659826,0.190765253,0.081719422,0.705231543,1.084852212,-0.207455536,0.052362411,-0.524370375,0.319731997,-0.307010755,-0.398220789,0.514466291,-0.190765253,-0.705231543,0.207455536,-0.595008016,0.367948974,-0.133078454
87,27,Vivinetto,2013,87,Rat,Wistar,NA,Male,3,NA,Adolescent,PND 21,Early postnatal,NA,Adult,PND 67-73,Combination,"toys, wheel",Exercise,Social,MS,NA,Chronic,NA,Stress first,Memory,Conditioning,Aversive,Inhibitory avoidance,Latency to step down,sec,no,NA,1,Fig. 4a,9,303.06,NA,66.69,22.23,NA,NA,9,286.59,NA,66.69,22.23,NA,NA,7,193.53,NA,67.55,25.53,NA,NA,7,285.76,NA,65.11,20.59,NA,NA,"CC = AFR NE, EC = AFR EE, CS = MS NE, ES = MS EE",3,NA,1,NA,NA,NA,NA,NA,NA,0.141985956,0.007449943,-0.207223298,0.007449943,0.445597941,0.033992944,0.570450706,1.539956127,-0.830978616,1.539956127,1.6369586,0.469728137,-0.055878183,0.011397168,-0.448498266,0.022784769,-0.058778508,0.010571984,0.389719758,0.022595776,-0.002900325,0.011208175,0.141985956,-0.207223298,0.445597941,-0.055878183,-0.448498266,-0.058778508,0.389719758,-0.002900325,0.570450706,-0.830978616,1.6369586
88,27,Vivinetto,2013,88,Rat,Wistar,NA,Male,3,NA,Adolescent,PND 21,Early postnatal,NA,Adult,PND 67-73,Combination,"toys, wheel",Exercise,Social,MS,NA,Chronic,NA,Stress first,Memory,Conditioning,Aversive,Inhibitory avoidance,Freezing time,sec,no,NA,1,Fig. 4b,9,0.06,NA,0.09,0.03,NA,NA,9,0.03,NA,0.03,0.01,NA,NA,7,0.005,NA,0.01,0.004,NA,NA,7,0.11,NA,0.09,0.03,NA,NA,"CC = AFR NE, EC = AFR EE, CS = MS NE, ES = MS EE",3,NA,1,NA,NA,NA,NA,NA,NA,0.767255153,0.262827557,0.245122458,0.262827557,3.784189634,0.999481831,0.54736953,1.427078475,0.18245651,1.427078475,1.970530307,0.469359557,-0.693147181,0.361111111,-2.48490665,0.821428571,0.606135804,0.316942149,3.091042453,0.63837072,1.299282984,0.17805326,0.767255153,0.245122458,3.784189634,-0.693147181,-2.48490665,0.606135804,3.091042453,1.299282984,0.54736953,0.18245651,1.970530307
52,28,Zubedat,2015,89,Rat,Wistar,NA,Male,3,NA,Adolescent,PND 30,Prenatal,NA,Adult,PND 95,Combination,"objects, wheel",Exercise,Social,Combination,"swim, mirror, restraint",Acute,NA,Stress first,Memory,Recognition,Not applicable,Novel object recognition,percent,percent,yes,Vehicle only,1,Fig. 1b,12,62.66,NA,11.81,3.41,NA,NA,12,75.94,NA,6.86,1.98,NA,NA,12,52.6,NA,10.6,3.06,NA,NA,12,71.27,NA,13.06,3.77,NA,NA,"CC = control, EC = EE, CS = PS, ES = PS + EE",3,NA,1,NA,NA,NA,NA,They had more responses but with no visible error bars,NA,0.179156738,0.001266778,-0.081884192,0.001266778,0.066983169,0.005111731,1.464028094,12.94360289,-0.670553181,12.94360289,0.423609703,0.35566019,0.14708588,0.001967865,-0.118391219,0.002914627,0.095677829,0.003206452,0.214069048,0.003143866,-0.05140805,0.002197104,0.179156738,-0.081884192,0.066983169,0.14708588,-0.118391219,0.095677829,0.214069048,-0.05140805,1.464028094,-0.670553181,0.423609703
53,28,Zubedat,2015,90,Rat,Wistar,NA,Male,3,NA,Adolescent,PND 30,Prenatal,NA,Adult,PND 95,Combination,"objects, wheel",Exercise,Social,Combination,"swim, mirror, restraint",Acute,NA,Stress first,Learning,Habituation,Not applicable,Pre-pulse inhibition,percent,percent,yes,dB 59,1,Fig. 1c,12,35.91,NA,9.46,2.73,NA,NA,12,72.5,NA,7.86,2.27,NA,NA,12,19.55,NA,4.71,1.36,NA,NA,12,48.41,NA,4.71,1.36,NA,NA,"CC = control, EC = EE, CS = PS, ES = PS + EE",3,NA,1,NA,NA,NA,NA,NA,NA,0.48543133,0.001171153,-0.302652301,0.001171153,0.057972537,0.004297396,4.513640683,122.3210466,-2.847466405,122.3210466,-0.849554181,0.545551586,0.460896516,0.002583993,-0.338599384,0.003362896,0.180269669,0.002274547,0.518869053,0.001713403,-0.280626847,0.0009345,0.48543133,-0.302652301,0.057972537,0.460896516,-0.338599384,0.180269669,0.518869053,-0.280626847,4.513640683,-2.847466405,-0.849554181
89,28,Zubedat,2015,91,Rat,Wistar,NA,Male,3,NA,Adolescent,PND 30,Prenatal,NA,Adult,PND 95,Combination,"objects, wheel",Exercise,Social,Combination,"swim, mirror, restraint",Acute,NA,Stress first,Learning,Conditioning,Aversive,Rotor rod test,latency,sec,no,NA,1,Fig. 3b,12,66.14,NA,6.37,1.84,NA,NA,12,67.37,NA,13.48,3.89,NA,NA,12,92.76,NA,8.52,2.46,NA,NA,12,98.7,NA,8.52,2.46,NA,NA,"CC = control, EC = EE, CS = PS, ES = PS + EE",3,NA,1,NA,NA,NA,NA,NA,NA,0.044134313,0.001141895,0.360502528,0.001141895,0.043643327,0.005433279,0.374032495,0.922735175,3.023038084,0.922735175,0.491406708,0.334790628,0.018426107,0.004109284,0.338241805,0.001476016,0.400311239,0.001393942,0.062069434,0.001323994,0.381885131,0.003957263,0.044134313,0.360502528,0.043643327,0.018426107,0.338241805,0.400311239,0.062069434,0.381885131,0.374032495,3.023038084,0.491406708
